State 212 conflicts: 1 shift/reduce
State 312 conflicts: 1 shift/reduce


Grammar

    0 $accept: translation_unit $end

    1 primary_expression: TOK_IDENTIFIER
    2                   | constant
    3                   | string
    4                   | TOK_TRUE
    5                   | TOK_FALSE
    6                   | TOK_LPAREN expression TOK_RPAREN

    7 constant: TOK_INTEGER
    8         | TOK_FLOAT_LIT
    9         | TOK_CHAR_LIT

   10 string: TOK_STRING_LIT

   11 postfix_expression: primary_expression
   12                   | postfix_expression TOK_LBRACKET expression TOK_RBRACKET
   13                   | postfix_expression TOK_LPAREN TOK_RPAREN
   14                   | postfix_expression TOK_LPAREN argument_expression_list TOK_RPAREN
   15                   | postfix_expression TOK_DOT TOK_IDENTIFIER
   16                   | postfix_expression TOK_ARROW TOK_IDENTIFIER
   17                   | postfix_expression TOK_INC
   18                   | postfix_expression TOK_DEC
   19                   | TOK_LPAREN type_name TOK_RPAREN TOK_BEGIN initializer_list TOK_END
   20                   | TOK_LPAREN type_name TOK_RPAREN TOK_BEGIN initializer_list TOK_COMMA TOK_END

   21 argument_expression_list: assignment_expression
   22                         | argument_expression_list TOK_COMMA assignment_expression

   23 unary_expression: postfix_expression
   24                 | TOK_INC unary_expression
   25                 | TOK_DEC unary_expression
   26                 | unary_operator cast_expression
   27                 | TOK_SIZEOF unary_expression
   28                 | TOK_SIZEOF TOK_LPAREN type_name TOK_RPAREN

   29 unary_operator: TOK_AMP
   30               | TOK_STAR
   31               | TOK_PLUS
   32               | TOK_MINUS
   33               | TOK_BITNOT
   34               | TOK_NOT

   35 cast_expression: unary_expression
   36                | TOK_LPAREN type_name TOK_RPAREN cast_expression

   37 multiplicative_expression: cast_expression
   38                          | multiplicative_expression TOK_MULT cast_expression
   39                          | multiplicative_expression TOK_DIV cast_expression
   40                          | multiplicative_expression TOK_MOD cast_expression

   41 additive_expression: multiplicative_expression
   42                    | additive_expression TOK_PLUS multiplicative_expression
   43                    | additive_expression TOK_MINUS multiplicative_expression

   44 shift_expression: additive_expression
   45                 | shift_expression TOK_LSHIFT additive_expression
   46                 | shift_expression TOK_RSHIFT additive_expression

   47 relational_expression: shift_expression
   48                      | relational_expression TOK_LT shift_expression
   49                      | relational_expression TOK_GT shift_expression
   50                      | relational_expression TOK_LE shift_expression
   51                      | relational_expression TOK_GE shift_expression
   52                      | relational_expression TOK_SPACESHIP shift_expression

   53 equality_expression: relational_expression
   54                    | equality_expression TOK_EQ relational_expression
   55                    | equality_expression TOK_NE relational_expression

   56 and_expression: equality_expression
   57               | and_expression TOK_AMP equality_expression

   58 exclusive_or_expression: and_expression
   59                        | exclusive_or_expression TOK_XOR and_expression

   60 inclusive_or_expression: exclusive_or_expression
   61                        | inclusive_or_expression TOK_BITOR exclusive_or_expression

   62 logical_and_expression: inclusive_or_expression
   63                       | logical_and_expression TOK_AND inclusive_or_expression

   64 logical_or_expression: logical_and_expression
   65                      | logical_or_expression TOK_OR logical_and_expression

   66 conditional_expression: logical_or_expression

   67 assignment_expression: conditional_expression
   68                      | unary_expression assignment_operator assignment_expression

   69 assignment_operator: TOK_ASSIGN
   70                    | TOK_MULTEQ
   71                    | TOK_DIVEQ
   72                    | TOK_MODEQ
   73                    | TOK_PLUSEQ
   74                    | TOK_MINUSEQ

   75 expression: assignment_expression
   76           | expression TOK_COMMA assignment_expression

   77 constant_expression: conditional_expression

   78 declaration: declaration_specifiers TOK_SEMICOLON
   79            | declaration_specifiers init_declarator_list TOK_SEMICOLON

   80 declaration_specifiers: storage_class_specifier declaration_specifiers
   81                       | storage_class_specifier
   82                       | type_specifier declaration_specifiers
   83                       | type_specifier

   84 init_declarator_list: init_declarator
   85                     | init_declarator_list TOK_COMMA init_declarator

   86 init_declarator: declarator TOK_ASSIGN initializer
   87                | declarator

   88 storage_class_specifier: TOK_EXTERN
   89                        | TOK_STATIC

   90 type_specifier: TOK_VOID
   91               | TOK_CHAR
   92               | TOK_SHORT
   93               | TOK_INT
   94               | TOK_FLOAT
   95               | TOK_BOOL
   96               | TOK_BOOLEAN
   97               | TOK_INT8_T
   98               | TOK_INT16_T
   99               | TOK_INT32_T
  100               | TOK_INT64_T
  101               | TOK_SIGNED
  102               | TOK_UNSIGNED
  103               | struct_specifier

  104 struct_specifier: TOK_STRUCT TOK_IDENTIFIER TOK_BEGIN struct_declaration_list TOK_END
  105                 | TOK_STRUCT TOK_IDENTIFIER

  106 struct_declaration_list: struct_declaration
  107                        | struct_declaration_list struct_declaration

  108 struct_declaration: specifier_qualifier_list TOK_SEMICOLON
  109                   | specifier_qualifier_list struct_declarator_list TOK_SEMICOLON

  110 specifier_qualifier_list: type_specifier specifier_qualifier_list
  111                         | type_specifier

  112 struct_declarator_list: struct_declarator
  113                       | struct_declarator_list TOK_COMMA struct_declarator

  114 struct_declarator: TOK_COLON constant_expression
  115                  | declarator TOK_COLON constant_expression
  116                  | declarator

  117 $@1: ε

  118 declarator: pointer $@1 direct_declarator
  119           | direct_declarator

  120 direct_declarator: TOK_IDENTIFIER
  121                  | TOK_LPAREN declarator TOK_RPAREN
  122                  | direct_declarator TOK_LBRACKET TOK_RBRACKET
  123                  | direct_declarator TOK_LBRACKET assignment_expression TOK_RBRACKET
  124                  | direct_declarator TOK_LPAREN parameter_type_list TOK_RPAREN
  125                  | direct_declarator TOK_LPAREN TOK_RPAREN
  126                  | direct_declarator TOK_LPAREN identifier_list TOK_RPAREN

  127 pointer: TOK_STAR pointer
  128        | TOK_STAR

  129 parameter_type_list: parameter_list

  130 parameter_list: parameter_declaration
  131               | parameter_list TOK_COMMA parameter_declaration

  132 parameter_declaration: declaration_specifiers declarator
  133                      | declaration_specifiers abstract_declarator
  134                      | declaration_specifiers

  135 identifier_list: TOK_IDENTIFIER
  136                | identifier_list TOK_COMMA TOK_IDENTIFIER

  137 type_name: specifier_qualifier_list abstract_declarator
  138          | specifier_qualifier_list

  139 abstract_declarator: pointer direct_abstract_declarator
  140                    | pointer
  141                    | direct_abstract_declarator

  142 direct_abstract_declarator: TOK_LPAREN abstract_declarator TOK_RPAREN
  143                           | TOK_LBRACKET TOK_RBRACKET
  144                           | TOK_LBRACKET assignment_expression TOK_RBRACKET
  145                           | direct_abstract_declarator TOK_LBRACKET TOK_RBRACKET
  146                           | direct_abstract_declarator TOK_LBRACKET assignment_expression TOK_RBRACKET
  147                           | TOK_LPAREN TOK_RPAREN
  148                           | TOK_LPAREN parameter_type_list TOK_RPAREN
  149                           | direct_abstract_declarator TOK_LPAREN TOK_RPAREN
  150                           | direct_abstract_declarator TOK_LPAREN parameter_type_list TOK_RPAREN

  151 initializer: TOK_BEGIN initializer_list TOK_END
  152            | TOK_BEGIN initializer_list TOK_COMMA TOK_END
  153            | assignment_expression

  154 initializer_list: designation initializer
  155                 | initializer
  156                 | initializer_list TOK_COMMA designation initializer
  157                 | initializer_list TOK_COMMA initializer

  158 designation: designator_list TOK_ASSIGN

  159 designator_list: designator
  160                | designator_list designator

  161 designator: TOK_LBRACKET constant_expression TOK_RBRACKET
  162           | TOK_DOT TOK_IDENTIFIER

  163 statement: labeled_statement
  164          | compound_statement
  165          | expression_statement
  166          | selection_statement
  167          | iteration_statement
  168          | jump_statement

  169 labeled_statement: TOK_IDENTIFIER TOK_COLON statement
  170                  | TOK_CASE constant_expression TOK_COLON statement
  171                  | TOK_DEFAULT TOK_COLON statement

  172 compound_statement: TOK_BEGIN TOK_END
  173                   | TOK_BEGIN block_item_list TOK_END

  174 block_item_list: block_item
  175                | block_item_list block_item

  176 block_item: declaration
  177           | statement

  178 expression_statement: TOK_SEMICOLON
  179                     | expression TOK_SEMICOLON

  180 selection_statement: TOK_IF TOK_LPAREN expression TOK_RPAREN statement TOK_ELSE statement
  181                    | TOK_IF TOK_LPAREN expression TOK_RPAREN statement
  182                    | TOK_SWITCH TOK_LPAREN expression TOK_RPAREN statement

  183 iteration_statement: TOK_WHILE TOK_LPAREN expression TOK_RPAREN statement
  184                    | TOK_REPEAT statement TOK_UNTIL TOK_LPAREN expression TOK_RPAREN TOK_SEMICOLON
  185                    | TOK_FOR TOK_LPAREN expression_statement expression_statement TOK_RPAREN statement
  186                    | TOK_FOR TOK_LPAREN expression_statement expression_statement expression TOK_RPAREN statement
  187                    | TOK_FOR TOK_LPAREN declaration expression_statement TOK_RPAREN statement
  188                    | TOK_FOR TOK_LPAREN declaration expression_statement expression TOK_RPAREN statement

  189 jump_statement: TOK_CONTINUE TOK_SEMICOLON
  190               | TOK_BREAK TOK_SEMICOLON
  191               | TOK_RETURN TOK_SEMICOLON
  192               | TOK_RETURN expression TOK_SEMICOLON

  193 translation_unit: external_declaration
  194                 | translation_unit external_declaration

  195 external_declaration: function_definition
  196                     | declaration

  197 function_definition: declaration_specifiers declarator declaration_list compound_statement
  198                    | declaration_specifiers declarator compound_statement

  199 declaration_list: declaration
  200                 | declaration_list declaration


Terminals, with rules where they appear

    $end (0) 0
    TOK_INT (1) 93
    TOK_SHORT (2) 92
    TOK_FLOAT (3) 94
    TOK_CHAR (4) 91
    TOK_VOID (5) 90
    TOK_BOOL (6) 95
    TOK_BOOLEAN (7) 96
    TOK_STRUCT (8) 104 105
    TOK_INT8_T (9) 97
    TOK_INT16_T (10) 98
    TOK_INT32_T (11) 99
    TOK_INT64_T (12) 100
    TOK_SIGNED (13) 101
    TOK_UNSIGNED (14) 102
    TOK_EXTERN (15) 88
    TOK_STATIC (16) 89
    TOK_IF <val> (17) 180 181
    TOK_ELSE <val> (18) 180
    TOK_FOR (19) 185 186 187 188
    TOK_WHILE (20) 183
    TOK_REPEAT (21) 184
    TOK_UNTIL (22) 184
    TOK_SWITCH (23) 182
    TOK_CASE (24) 170
    TOK_DEFAULT (25) 171
    TOK_BREAK (26) 190
    TOK_CONTINUE (27) 189
    TOK_RETURN (28) 191 192
    TOK_SIZEOF (29) 27 28
    TOK_BEGIN (30) 19 20 104 151 152 172 173
    TOK_END (31) 19 20 104 151 152 172 173
    TOK_TRUE (32) 4
    TOK_FALSE (33) 5
    TOK_IDENTIFIER (34) 1 15 16 104 105 120 135 136 162 169
    TOK_INTEGER (35) 7
    TOK_FLOAT_LIT (36) 8
    TOK_CHAR_LIT (37) 9
    TOK_STRING_LIT (38) 10
    TOK_PLUS (39) 31 42
    TOK_MINUS (40) 32 43
    TOK_MULT (41) 38
    TOK_DIV (42) 39
    TOK_MOD (43) 40
    TOK_ASSIGN (44) 69 86 158
    TOK_EQ (45) 54
    TOK_NE (46) 55
    TOK_LT (47) 48
    TOK_LE (48) 50
    TOK_GT (49) 49
    TOK_GE (50) 51
    TOK_SPACESHIP (51) 52
    TOK_AND (52) 63
    TOK_OR (53) 65
    TOK_NOT (54) 34
    TOK_BITOR (56) 61
    TOK_XOR (57) 59
    TOK_BITNOT (58) 33
    TOK_LSHIFT (59) 45
    TOK_RSHIFT (60) 46
    TOK_INC (61) 17 24
    TOK_DEC (62) 18 25
    TOK_PLUSEQ (63) 73
    TOK_MINUSEQ (64) 74
    TOK_MULTEQ (65) 70
    TOK_DIVEQ (66) 71
    TOK_MODEQ (67) 72
    TOK_ARROW (68) 16
    TOK_AMP (69) 29 57
    TOK_STAR (70) 30 127 128
    TOK_LPAREN (71) 6 13 14 19 20 28 36 121 124 125 126 142 147 148 149 150 180 181 182 183 184 185 186 187 188
    TOK_RPAREN (72) 6 13 14 19 20 28 36 121 124 125 126 142 147 148 149 150 180 181 182 183 184 185 186 187 188
    TOK_LBRACKET (75) 12 122 123 143 144 145 146 161
    TOK_RBRACKET (76) 12 122 123 143 144 145 146 161
    TOK_SEMICOLON (77) 78 79 108 109 178 179 184 189 190 191 192
    TOK_COMMA (78) 20 22 76 85 113 131 136 152 156 157
    TOK_DOT (79) 15 162
    TOK_COLON (80) 114 115 169 170 171
    error (256)


Nonterminals, with rules where they appear

    $accept (80)
        on left: 0
    primary_expression (81)
        on left: 1 2 3 4 5 6
        on right: 11
    constant (82)
        on left: 7 8 9
        on right: 2
    string (83)
        on left: 10
        on right: 3
    postfix_expression (84)
        on left: 11 12 13 14 15 16 17 18 19 20
        on right: 12 13 14 15 16 17 18 23
    argument_expression_list (85)
        on left: 21 22
        on right: 14 22
    unary_expression (86)
        on left: 23 24 25 26 27 28
        on right: 24 25 27 35 68
    unary_operator (87)
        on left: 29 30 31 32 33 34
        on right: 26
    cast_expression (88)
        on left: 35 36
        on right: 26 36 37 38 39 40
    multiplicative_expression (89)
        on left: 37 38 39 40
        on right: 38 39 40 41 42 43
    additive_expression (90)
        on left: 41 42 43
        on right: 42 43 44 45 46
    shift_expression (91)
        on left: 44 45 46
        on right: 45 46 47 48 49 50 51 52
    relational_expression (92)
        on left: 47 48 49 50 51 52
        on right: 48 49 50 51 52 53 54 55
    equality_expression (93)
        on left: 53 54 55
        on right: 54 55 56 57
    and_expression (94)
        on left: 56 57
        on right: 57 58 59
    exclusive_or_expression (95)
        on left: 58 59
        on right: 59 60 61
    inclusive_or_expression (96)
        on left: 60 61
        on right: 61 62 63
    logical_and_expression (97)
        on left: 62 63
        on right: 63 64 65
    logical_or_expression (98)
        on left: 64 65
        on right: 65 66
    conditional_expression (99)
        on left: 66
        on right: 67 77
    assignment_expression (100)
        on left: 67 68
        on right: 21 22 68 75 76 123 144 146 153
    assignment_operator (101)
        on left: 69 70 71 72 73 74
        on right: 68
    expression (102)
        on left: 75 76
        on right: 6 12 76 179 180 181 182 183 184 186 188 192
    constant_expression (103)
        on left: 77
        on right: 114 115 161 170
    declaration (104)
        on left: 78 79
        on right: 176 187 188 196 199 200
    declaration_specifiers (105)
        on left: 80 81 82 83
        on right: 78 79 80 82 132 133 134 197 198
    init_declarator_list (106)
        on left: 84 85
        on right: 79 85
    init_declarator (107)
        on left: 86 87
        on right: 84 85
    storage_class_specifier (108)
        on left: 88 89
        on right: 80 81
    type_specifier (109)
        on left: 90 91 92 93 94 95 96 97 98 99 100 101 102 103
        on right: 82 83 110 111
    struct_specifier (110)
        on left: 104 105
        on right: 103
    struct_declaration_list (111)
        on left: 106 107
        on right: 104 107
    struct_declaration (112)
        on left: 108 109
        on right: 106 107
    specifier_qualifier_list (113)
        on left: 110 111
        on right: 108 109 110 137 138
    struct_declarator_list (114)
        on left: 112 113
        on right: 109 113
    struct_declarator (115)
        on left: 114 115 116
        on right: 112 113
    declarator (116)
        on left: 118 119
        on right: 86 87 115 116 121 132 197 198
    $@1 (117)
        on left: 117
        on right: 118
    direct_declarator (118)
        on left: 120 121 122 123 124 125 126
        on right: 118 119 122 123 124 125 126
    pointer (119)
        on left: 127 128
        on right: 118 127 139 140
    parameter_type_list (120)
        on left: 129
        on right: 124 148 150
    parameter_list (121)
        on left: 130 131
        on right: 129 131
    parameter_declaration (122)
        on left: 132 133 134
        on right: 130 131
    identifier_list (123)
        on left: 135 136
        on right: 126 136
    type_name (124)
        on left: 137 138
        on right: 19 20 28 36
    abstract_declarator (125)
        on left: 139 140 141
        on right: 133 137 142
    direct_abstract_declarator (126)
        on left: 142 143 144 145 146 147 148 149 150
        on right: 139 141 145 146 149 150
    initializer (127)
        on left: 151 152 153
        on right: 86 154 155 156 157
    initializer_list (128)
        on left: 154 155 156 157
        on right: 19 20 151 152 156 157
    designation (129)
        on left: 158
        on right: 154 156
    designator_list (130)
        on left: 159 160
        on right: 158 160
    designator (131)
        on left: 161 162
        on right: 159 160
    statement (132)
        on left: 163 164 165 166 167 168
        on right: 169 170 171 177 180 181 182 183 184 185 186 187 188
    labeled_statement (133)
        on left: 169 170 171
        on right: 163
    compound_statement (134)
        on left: 172 173
        on right: 164 197 198
    block_item_list (135)
        on left: 174 175
        on right: 173 175
    block_item (136)
        on left: 176 177
        on right: 174 175
    expression_statement (137)
        on left: 178 179
        on right: 165 185 186 187 188
    selection_statement (138)
        on left: 180 181 182
        on right: 166
    iteration_statement (139)
        on left: 183 184 185 186 187 188
        on right: 167
    jump_statement (140)
        on left: 189 190 191 192
        on right: 168
    translation_unit (141)
        on left: 193 194
        on right: 0 194
    external_declaration (142)
        on left: 195 196
        on right: 193 194
    function_definition (143)
        on left: 197 198
        on right: 195
    declaration_list (144)
        on left: 199 200
        on right: 197 200


State 0

    0 $accept: • translation_unit $end

    TOK_INT       shift, and go to state 1
    TOK_SHORT     shift, and go to state 2
    TOK_FLOAT     shift, and go to state 3
    TOK_CHAR      shift, and go to state 4
    TOK_VOID      shift, and go to state 5
    TOK_BOOL      shift, and go to state 6
    TOK_BOOLEAN   shift, and go to state 7
    TOK_STRUCT    shift, and go to state 8
    TOK_INT8_T    shift, and go to state 9
    TOK_INT16_T   shift, and go to state 10
    TOK_INT32_T   shift, and go to state 11
    TOK_INT64_T   shift, and go to state 12
    TOK_SIGNED    shift, and go to state 13
    TOK_UNSIGNED  shift, and go to state 14
    TOK_EXTERN    shift, and go to state 15
    TOK_STATIC    shift, and go to state 16

    declaration              go to state 17
    declaration_specifiers   go to state 18
    storage_class_specifier  go to state 19
    type_specifier           go to state 20
    struct_specifier         go to state 21
    translation_unit         go to state 22
    external_declaration     go to state 23
    function_definition      go to state 24


State 1

   93 type_specifier: TOK_INT •

    $default  reduce using rule 93 (type_specifier)


State 2

   92 type_specifier: TOK_SHORT •

    $default  reduce using rule 92 (type_specifier)


State 3

   94 type_specifier: TOK_FLOAT •

    $default  reduce using rule 94 (type_specifier)


State 4

   91 type_specifier: TOK_CHAR •

    $default  reduce using rule 91 (type_specifier)


State 5

   90 type_specifier: TOK_VOID •

    $default  reduce using rule 90 (type_specifier)


State 6

   95 type_specifier: TOK_BOOL •

    $default  reduce using rule 95 (type_specifier)


State 7

   96 type_specifier: TOK_BOOLEAN •

    $default  reduce using rule 96 (type_specifier)


State 8

  104 struct_specifier: TOK_STRUCT • TOK_IDENTIFIER TOK_BEGIN struct_declaration_list TOK_END
  105                 | TOK_STRUCT • TOK_IDENTIFIER

    TOK_IDENTIFIER  shift, and go to state 25


State 9

   97 type_specifier: TOK_INT8_T •

    $default  reduce using rule 97 (type_specifier)


State 10

   98 type_specifier: TOK_INT16_T •

    $default  reduce using rule 98 (type_specifier)


State 11

   99 type_specifier: TOK_INT32_T •

    $default  reduce using rule 99 (type_specifier)


State 12

  100 type_specifier: TOK_INT64_T •

    $default  reduce using rule 100 (type_specifier)


State 13

  101 type_specifier: TOK_SIGNED •

    $default  reduce using rule 101 (type_specifier)


State 14

  102 type_specifier: TOK_UNSIGNED •

    $default  reduce using rule 102 (type_specifier)


State 15

   88 storage_class_specifier: TOK_EXTERN •

    $default  reduce using rule 88 (storage_class_specifier)


State 16

   89 storage_class_specifier: TOK_STATIC •

    $default  reduce using rule 89 (storage_class_specifier)


State 17

  196 external_declaration: declaration •

    $default  reduce using rule 196 (external_declaration)


State 18

   78 declaration: declaration_specifiers • TOK_SEMICOLON
   79            | declaration_specifiers • init_declarator_list TOK_SEMICOLON
  197 function_definition: declaration_specifiers • declarator declaration_list compound_statement
  198                    | declaration_specifiers • declarator compound_statement

    TOK_IDENTIFIER  shift, and go to state 26
    TOK_STAR        shift, and go to state 27
    TOK_LPAREN      shift, and go to state 28
    TOK_SEMICOLON   shift, and go to state 29

    init_declarator_list  go to state 30
    init_declarator       go to state 31
    declarator            go to state 32
    direct_declarator     go to state 33
    pointer               go to state 34


State 19

   80 declaration_specifiers: storage_class_specifier • declaration_specifiers
   81                       | storage_class_specifier •

    TOK_INT       shift, and go to state 1
    TOK_SHORT     shift, and go to state 2
    TOK_FLOAT     shift, and go to state 3
    TOK_CHAR      shift, and go to state 4
    TOK_VOID      shift, and go to state 5
    TOK_BOOL      shift, and go to state 6
    TOK_BOOLEAN   shift, and go to state 7
    TOK_STRUCT    shift, and go to state 8
    TOK_INT8_T    shift, and go to state 9
    TOK_INT16_T   shift, and go to state 10
    TOK_INT32_T   shift, and go to state 11
    TOK_INT64_T   shift, and go to state 12
    TOK_SIGNED    shift, and go to state 13
    TOK_UNSIGNED  shift, and go to state 14
    TOK_EXTERN    shift, and go to state 15
    TOK_STATIC    shift, and go to state 16

    $default  reduce using rule 81 (declaration_specifiers)

    declaration_specifiers   go to state 35
    storage_class_specifier  go to state 19
    type_specifier           go to state 20
    struct_specifier         go to state 21


State 20

   82 declaration_specifiers: type_specifier • declaration_specifiers
   83                       | type_specifier •

    TOK_INT       shift, and go to state 1
    TOK_SHORT     shift, and go to state 2
    TOK_FLOAT     shift, and go to state 3
    TOK_CHAR      shift, and go to state 4
    TOK_VOID      shift, and go to state 5
    TOK_BOOL      shift, and go to state 6
    TOK_BOOLEAN   shift, and go to state 7
    TOK_STRUCT    shift, and go to state 8
    TOK_INT8_T    shift, and go to state 9
    TOK_INT16_T   shift, and go to state 10
    TOK_INT32_T   shift, and go to state 11
    TOK_INT64_T   shift, and go to state 12
    TOK_SIGNED    shift, and go to state 13
    TOK_UNSIGNED  shift, and go to state 14
    TOK_EXTERN    shift, and go to state 15
    TOK_STATIC    shift, and go to state 16

    $default  reduce using rule 83 (declaration_specifiers)

    declaration_specifiers   go to state 36
    storage_class_specifier  go to state 19
    type_specifier           go to state 20
    struct_specifier         go to state 21


State 21

  103 type_specifier: struct_specifier •

    $default  reduce using rule 103 (type_specifier)


State 22

    0 $accept: translation_unit • $end
  194 translation_unit: translation_unit • external_declaration

    $end          shift, and go to state 37
    TOK_INT       shift, and go to state 1
    TOK_SHORT     shift, and go to state 2
    TOK_FLOAT     shift, and go to state 3
    TOK_CHAR      shift, and go to state 4
    TOK_VOID      shift, and go to state 5
    TOK_BOOL      shift, and go to state 6
    TOK_BOOLEAN   shift, and go to state 7
    TOK_STRUCT    shift, and go to state 8
    TOK_INT8_T    shift, and go to state 9
    TOK_INT16_T   shift, and go to state 10
    TOK_INT32_T   shift, and go to state 11
    TOK_INT64_T   shift, and go to state 12
    TOK_SIGNED    shift, and go to state 13
    TOK_UNSIGNED  shift, and go to state 14
    TOK_EXTERN    shift, and go to state 15
    TOK_STATIC    shift, and go to state 16

    declaration              go to state 17
    declaration_specifiers   go to state 18
    storage_class_specifier  go to state 19
    type_specifier           go to state 20
    struct_specifier         go to state 21
    external_declaration     go to state 38
    function_definition      go to state 24


State 23

  193 translation_unit: external_declaration •

    $default  reduce using rule 193 (translation_unit)


State 24

  195 external_declaration: function_definition •

    $default  reduce using rule 195 (external_declaration)


State 25

  104 struct_specifier: TOK_STRUCT TOK_IDENTIFIER • TOK_BEGIN struct_declaration_list TOK_END
  105                 | TOK_STRUCT TOK_IDENTIFIER •

    TOK_BEGIN  shift, and go to state 39

    $default  reduce using rule 105 (struct_specifier)


State 26

  120 direct_declarator: TOK_IDENTIFIER •

    $default  reduce using rule 120 (direct_declarator)


State 27

  127 pointer: TOK_STAR • pointer
  128        | TOK_STAR •

    TOK_STAR  shift, and go to state 27

    $default  reduce using rule 128 (pointer)

    pointer  go to state 40


State 28

  121 direct_declarator: TOK_LPAREN • declarator TOK_RPAREN

    TOK_IDENTIFIER  shift, and go to state 26
    TOK_STAR        shift, and go to state 27
    TOK_LPAREN      shift, and go to state 28

    declarator         go to state 41
    direct_declarator  go to state 33
    pointer            go to state 34


State 29

   78 declaration: declaration_specifiers TOK_SEMICOLON •

    $default  reduce using rule 78 (declaration)


State 30

   79 declaration: declaration_specifiers init_declarator_list • TOK_SEMICOLON
   85 init_declarator_list: init_declarator_list • TOK_COMMA init_declarator

    TOK_SEMICOLON  shift, and go to state 42
    TOK_COMMA      shift, and go to state 43


State 31

   84 init_declarator_list: init_declarator •

    $default  reduce using rule 84 (init_declarator_list)


State 32

   86 init_declarator: declarator • TOK_ASSIGN initializer
   87                | declarator •
  197 function_definition: declaration_specifiers declarator • declaration_list compound_statement
  198                    | declaration_specifiers declarator • compound_statement

    TOK_INT       shift, and go to state 1
    TOK_SHORT     shift, and go to state 2
    TOK_FLOAT     shift, and go to state 3
    TOK_CHAR      shift, and go to state 4
    TOK_VOID      shift, and go to state 5
    TOK_BOOL      shift, and go to state 6
    TOK_BOOLEAN   shift, and go to state 7
    TOK_STRUCT    shift, and go to state 8
    TOK_INT8_T    shift, and go to state 9
    TOK_INT16_T   shift, and go to state 10
    TOK_INT32_T   shift, and go to state 11
    TOK_INT64_T   shift, and go to state 12
    TOK_SIGNED    shift, and go to state 13
    TOK_UNSIGNED  shift, and go to state 14
    TOK_EXTERN    shift, and go to state 15
    TOK_STATIC    shift, and go to state 16
    TOK_BEGIN     shift, and go to state 44
    TOK_ASSIGN    shift, and go to state 45

    $default  reduce using rule 87 (init_declarator)

    declaration              go to state 46
    declaration_specifiers   go to state 47
    storage_class_specifier  go to state 19
    type_specifier           go to state 20
    struct_specifier         go to state 21
    compound_statement       go to state 48
    declaration_list         go to state 49


State 33

  119 declarator: direct_declarator •
  122 direct_declarator: direct_declarator • TOK_LBRACKET TOK_RBRACKET
  123                  | direct_declarator • TOK_LBRACKET assignment_expression TOK_RBRACKET
  124                  | direct_declarator • TOK_LPAREN parameter_type_list TOK_RPAREN
  125                  | direct_declarator • TOK_LPAREN TOK_RPAREN
  126                  | direct_declarator • TOK_LPAREN identifier_list TOK_RPAREN

    TOK_LPAREN    shift, and go to state 50
    TOK_LBRACKET  shift, and go to state 51

    $default  reduce using rule 119 (declarator)


State 34

  118 declarator: pointer • $@1 direct_declarator

    $default  reduce using rule 117 ($@1)

    $@1  go to state 52


State 35

   80 declaration_specifiers: storage_class_specifier declaration_specifiers •

    $default  reduce using rule 80 (declaration_specifiers)


State 36

   82 declaration_specifiers: type_specifier declaration_specifiers •

    $default  reduce using rule 82 (declaration_specifiers)


State 37

    0 $accept: translation_unit $end •

    $default  accept


State 38

  194 translation_unit: translation_unit external_declaration •

    $default  reduce using rule 194 (translation_unit)


State 39

  104 struct_specifier: TOK_STRUCT TOK_IDENTIFIER TOK_BEGIN • struct_declaration_list TOK_END

    TOK_INT       shift, and go to state 1
    TOK_SHORT     shift, and go to state 2
    TOK_FLOAT     shift, and go to state 3
    TOK_CHAR      shift, and go to state 4
    TOK_VOID      shift, and go to state 5
    TOK_BOOL      shift, and go to state 6
    TOK_BOOLEAN   shift, and go to state 7
    TOK_STRUCT    shift, and go to state 8
    TOK_INT8_T    shift, and go to state 9
    TOK_INT16_T   shift, and go to state 10
    TOK_INT32_T   shift, and go to state 11
    TOK_INT64_T   shift, and go to state 12
    TOK_SIGNED    shift, and go to state 13
    TOK_UNSIGNED  shift, and go to state 14

    type_specifier            go to state 53
    struct_specifier          go to state 21
    struct_declaration_list   go to state 54
    struct_declaration        go to state 55
    specifier_qualifier_list  go to state 56


State 40

  127 pointer: TOK_STAR pointer •

    $default  reduce using rule 127 (pointer)


State 41

  121 direct_declarator: TOK_LPAREN declarator • TOK_RPAREN

    TOK_RPAREN  shift, and go to state 57


State 42

   79 declaration: declaration_specifiers init_declarator_list TOK_SEMICOLON •

    $default  reduce using rule 79 (declaration)


State 43

   85 init_declarator_list: init_declarator_list TOK_COMMA • init_declarator

    TOK_IDENTIFIER  shift, and go to state 26
    TOK_STAR        shift, and go to state 27
    TOK_LPAREN      shift, and go to state 28

    init_declarator    go to state 58
    declarator         go to state 59
    direct_declarator  go to state 33
    pointer            go to state 34


State 44

  172 compound_statement: TOK_BEGIN • TOK_END
  173                   | TOK_BEGIN • block_item_list TOK_END

    TOK_INT         shift, and go to state 1
    TOK_SHORT       shift, and go to state 2
    TOK_FLOAT       shift, and go to state 3
    TOK_CHAR        shift, and go to state 4
    TOK_VOID        shift, and go to state 5
    TOK_BOOL        shift, and go to state 6
    TOK_BOOLEAN     shift, and go to state 7
    TOK_STRUCT      shift, and go to state 8
    TOK_INT8_T      shift, and go to state 9
    TOK_INT16_T     shift, and go to state 10
    TOK_INT32_T     shift, and go to state 11
    TOK_INT64_T     shift, and go to state 12
    TOK_SIGNED      shift, and go to state 13
    TOK_UNSIGNED    shift, and go to state 14
    TOK_EXTERN      shift, and go to state 15
    TOK_STATIC      shift, and go to state 16
    TOK_IF          shift, and go to state 60
    TOK_FOR         shift, and go to state 61
    TOK_WHILE       shift, and go to state 62
    TOK_REPEAT      shift, and go to state 63
    TOK_SWITCH      shift, and go to state 64
    TOK_CASE        shift, and go to state 65
    TOK_DEFAULT     shift, and go to state 66
    TOK_BREAK       shift, and go to state 67
    TOK_CONTINUE    shift, and go to state 68
    TOK_RETURN      shift, and go to state 69
    TOK_SIZEOF      shift, and go to state 70
    TOK_BEGIN       shift, and go to state 44
    TOK_END         shift, and go to state 71
    TOK_TRUE        shift, and go to state 72
    TOK_FALSE       shift, and go to state 73
    TOK_IDENTIFIER  shift, and go to state 74
    TOK_INTEGER     shift, and go to state 75
    TOK_FLOAT_LIT   shift, and go to state 76
    TOK_CHAR_LIT    shift, and go to state 77
    TOK_STRING_LIT  shift, and go to state 78
    TOK_PLUS        shift, and go to state 79
    TOK_MINUS       shift, and go to state 80
    TOK_NOT         shift, and go to state 81
    TOK_BITNOT      shift, and go to state 82
    TOK_INC         shift, and go to state 83
    TOK_DEC         shift, and go to state 84
    TOK_AMP         shift, and go to state 85
    TOK_STAR        shift, and go to state 86
    TOK_LPAREN      shift, and go to state 87
    TOK_SEMICOLON   shift, and go to state 88

    primary_expression         go to state 89
    constant                   go to state 90
    string                     go to state 91
    postfix_expression         go to state 92
    unary_expression           go to state 93
    unary_operator             go to state 94
    cast_expression            go to state 95
    multiplicative_expression  go to state 96
    additive_expression        go to state 97
    shift_expression           go to state 98
    relational_expression      go to state 99
    equality_expression        go to state 100
    and_expression             go to state 101
    exclusive_or_expression    go to state 102
    inclusive_or_expression    go to state 103
    logical_and_expression     go to state 104
    logical_or_expression      go to state 105
    conditional_expression     go to state 106
    assignment_expression      go to state 107
    expression                 go to state 108
    declaration                go to state 109
    declaration_specifiers     go to state 47
    storage_class_specifier    go to state 19
    type_specifier             go to state 20
    struct_specifier           go to state 21
    statement                  go to state 110
    labeled_statement          go to state 111
    compound_statement         go to state 112
    block_item_list            go to state 113
    block_item                 go to state 114
    expression_statement       go to state 115
    selection_statement        go to state 116
    iteration_statement        go to state 117
    jump_statement             go to state 118


State 45

   86 init_declarator: declarator TOK_ASSIGN • initializer

    TOK_SIZEOF      shift, and go to state 70
    TOK_BEGIN       shift, and go to state 119
    TOK_TRUE        shift, and go to state 72
    TOK_FALSE       shift, and go to state 73
    TOK_IDENTIFIER  shift, and go to state 120
    TOK_INTEGER     shift, and go to state 75
    TOK_FLOAT_LIT   shift, and go to state 76
    TOK_CHAR_LIT    shift, and go to state 77
    TOK_STRING_LIT  shift, and go to state 78
    TOK_PLUS        shift, and go to state 79
    TOK_MINUS       shift, and go to state 80
    TOK_NOT         shift, and go to state 81
    TOK_BITNOT      shift, and go to state 82
    TOK_INC         shift, and go to state 83
    TOK_DEC         shift, and go to state 84
    TOK_AMP         shift, and go to state 85
    TOK_STAR        shift, and go to state 86
    TOK_LPAREN      shift, and go to state 87

    primary_expression         go to state 89
    constant                   go to state 90
    string                     go to state 91
    postfix_expression         go to state 92
    unary_expression           go to state 93
    unary_operator             go to state 94
    cast_expression            go to state 95
    multiplicative_expression  go to state 96
    additive_expression        go to state 97
    shift_expression           go to state 98
    relational_expression      go to state 99
    equality_expression        go to state 100
    and_expression             go to state 101
    exclusive_or_expression    go to state 102
    inclusive_or_expression    go to state 103
    logical_and_expression     go to state 104
    logical_or_expression      go to state 105
    conditional_expression     go to state 106
    assignment_expression      go to state 121
    initializer                go to state 122


State 46

  199 declaration_list: declaration •

    $default  reduce using rule 199 (declaration_list)


State 47

   78 declaration: declaration_specifiers • TOK_SEMICOLON
   79            | declaration_specifiers • init_declarator_list TOK_SEMICOLON

    TOK_IDENTIFIER  shift, and go to state 26
    TOK_STAR        shift, and go to state 27
    TOK_LPAREN      shift, and go to state 28
    TOK_SEMICOLON   shift, and go to state 29

    init_declarator_list  go to state 30
    init_declarator       go to state 31
    declarator            go to state 59
    direct_declarator     go to state 33
    pointer               go to state 34


State 48

  198 function_definition: declaration_specifiers declarator compound_statement •

    $default  reduce using rule 198 (function_definition)


State 49

  197 function_definition: declaration_specifiers declarator declaration_list • compound_statement
  200 declaration_list: declaration_list • declaration

    TOK_INT       shift, and go to state 1
    TOK_SHORT     shift, and go to state 2
    TOK_FLOAT     shift, and go to state 3
    TOK_CHAR      shift, and go to state 4
    TOK_VOID      shift, and go to state 5
    TOK_BOOL      shift, and go to state 6
    TOK_BOOLEAN   shift, and go to state 7
    TOK_STRUCT    shift, and go to state 8
    TOK_INT8_T    shift, and go to state 9
    TOK_INT16_T   shift, and go to state 10
    TOK_INT32_T   shift, and go to state 11
    TOK_INT64_T   shift, and go to state 12
    TOK_SIGNED    shift, and go to state 13
    TOK_UNSIGNED  shift, and go to state 14
    TOK_EXTERN    shift, and go to state 15
    TOK_STATIC    shift, and go to state 16
    TOK_BEGIN     shift, and go to state 44

    declaration              go to state 123
    declaration_specifiers   go to state 47
    storage_class_specifier  go to state 19
    type_specifier           go to state 20
    struct_specifier         go to state 21
    compound_statement       go to state 124


State 50

  124 direct_declarator: direct_declarator TOK_LPAREN • parameter_type_list TOK_RPAREN
  125                  | direct_declarator TOK_LPAREN • TOK_RPAREN
  126                  | direct_declarator TOK_LPAREN • identifier_list TOK_RPAREN

    TOK_INT         shift, and go to state 1
    TOK_SHORT       shift, and go to state 2
    TOK_FLOAT       shift, and go to state 3
    TOK_CHAR        shift, and go to state 4
    TOK_VOID        shift, and go to state 5
    TOK_BOOL        shift, and go to state 6
    TOK_BOOLEAN     shift, and go to state 7
    TOK_STRUCT      shift, and go to state 8
    TOK_INT8_T      shift, and go to state 9
    TOK_INT16_T     shift, and go to state 10
    TOK_INT32_T     shift, and go to state 11
    TOK_INT64_T     shift, and go to state 12
    TOK_SIGNED      shift, and go to state 13
    TOK_UNSIGNED    shift, and go to state 14
    TOK_EXTERN      shift, and go to state 15
    TOK_STATIC      shift, and go to state 16
    TOK_IDENTIFIER  shift, and go to state 125
    TOK_RPAREN      shift, and go to state 126

    declaration_specifiers   go to state 127
    storage_class_specifier  go to state 19
    type_specifier           go to state 20
    struct_specifier         go to state 21
    parameter_type_list      go to state 128
    parameter_list           go to state 129
    parameter_declaration    go to state 130
    identifier_list          go to state 131


State 51

  122 direct_declarator: direct_declarator TOK_LBRACKET • TOK_RBRACKET
  123                  | direct_declarator TOK_LBRACKET • assignment_expression TOK_RBRACKET

    TOK_SIZEOF      shift, and go to state 70
    TOK_TRUE        shift, and go to state 72
    TOK_FALSE       shift, and go to state 73
    TOK_IDENTIFIER  shift, and go to state 120
    TOK_INTEGER     shift, and go to state 75
    TOK_FLOAT_LIT   shift, and go to state 76
    TOK_CHAR_LIT    shift, and go to state 77
    TOK_STRING_LIT  shift, and go to state 78
    TOK_PLUS        shift, and go to state 79
    TOK_MINUS       shift, and go to state 80
    TOK_NOT         shift, and go to state 81
    TOK_BITNOT      shift, and go to state 82
    TOK_INC         shift, and go to state 83
    TOK_DEC         shift, and go to state 84
    TOK_AMP         shift, and go to state 85
    TOK_STAR        shift, and go to state 86
    TOK_LPAREN      shift, and go to state 87
    TOK_RBRACKET    shift, and go to state 132

    primary_expression         go to state 89
    constant                   go to state 90
    string                     go to state 91
    postfix_expression         go to state 92
    unary_expression           go to state 93
    unary_operator             go to state 94
    cast_expression            go to state 95
    multiplicative_expression  go to state 96
    additive_expression        go to state 97
    shift_expression           go to state 98
    relational_expression      go to state 99
    equality_expression        go to state 100
    and_expression             go to state 101
    exclusive_or_expression    go to state 102
    inclusive_or_expression    go to state 103
    logical_and_expression     go to state 104
    logical_or_expression      go to state 105
    conditional_expression     go to state 106
    assignment_expression      go to state 133


State 52

  118 declarator: pointer $@1 • direct_declarator

    TOK_IDENTIFIER  shift, and go to state 26
    TOK_LPAREN      shift, and go to state 28

    direct_declarator  go to state 134


State 53

  110 specifier_qualifier_list: type_specifier • specifier_qualifier_list
  111                         | type_specifier •

    TOK_INT       shift, and go to state 1
    TOK_SHORT     shift, and go to state 2
    TOK_FLOAT     shift, and go to state 3
    TOK_CHAR      shift, and go to state 4
    TOK_VOID      shift, and go to state 5
    TOK_BOOL      shift, and go to state 6
    TOK_BOOLEAN   shift, and go to state 7
    TOK_STRUCT    shift, and go to state 8
    TOK_INT8_T    shift, and go to state 9
    TOK_INT16_T   shift, and go to state 10
    TOK_INT32_T   shift, and go to state 11
    TOK_INT64_T   shift, and go to state 12
    TOK_SIGNED    shift, and go to state 13
    TOK_UNSIGNED  shift, and go to state 14

    $default  reduce using rule 111 (specifier_qualifier_list)

    type_specifier            go to state 53
    struct_specifier          go to state 21
    specifier_qualifier_list  go to state 135


State 54

  104 struct_specifier: TOK_STRUCT TOK_IDENTIFIER TOK_BEGIN struct_declaration_list • TOK_END
  107 struct_declaration_list: struct_declaration_list • struct_declaration

    TOK_INT       shift, and go to state 1
    TOK_SHORT     shift, and go to state 2
    TOK_FLOAT     shift, and go to state 3
    TOK_CHAR      shift, and go to state 4
    TOK_VOID      shift, and go to state 5
    TOK_BOOL      shift, and go to state 6
    TOK_BOOLEAN   shift, and go to state 7
    TOK_STRUCT    shift, and go to state 8
    TOK_INT8_T    shift, and go to state 9
    TOK_INT16_T   shift, and go to state 10
    TOK_INT32_T   shift, and go to state 11
    TOK_INT64_T   shift, and go to state 12
    TOK_SIGNED    shift, and go to state 13
    TOK_UNSIGNED  shift, and go to state 14
    TOK_END       shift, and go to state 136

    type_specifier            go to state 53
    struct_specifier          go to state 21
    struct_declaration        go to state 137
    specifier_qualifier_list  go to state 56


State 55

  106 struct_declaration_list: struct_declaration •

    $default  reduce using rule 106 (struct_declaration_list)


State 56

  108 struct_declaration: specifier_qualifier_list • TOK_SEMICOLON
  109                   | specifier_qualifier_list • struct_declarator_list TOK_SEMICOLON

    TOK_IDENTIFIER  shift, and go to state 26
    TOK_STAR        shift, and go to state 27
    TOK_LPAREN      shift, and go to state 28
    TOK_SEMICOLON   shift, and go to state 138
    TOK_COLON       shift, and go to state 139

    struct_declarator_list  go to state 140
    struct_declarator       go to state 141
    declarator              go to state 142
    direct_declarator       go to state 33
    pointer                 go to state 34


State 57

  121 direct_declarator: TOK_LPAREN declarator TOK_RPAREN •

    $default  reduce using rule 121 (direct_declarator)


State 58

   85 init_declarator_list: init_declarator_list TOK_COMMA init_declarator •

    $default  reduce using rule 85 (init_declarator_list)


State 59

   86 init_declarator: declarator • TOK_ASSIGN initializer
   87                | declarator •

    TOK_ASSIGN  shift, and go to state 45

    $default  reduce using rule 87 (init_declarator)


State 60

  180 selection_statement: TOK_IF • TOK_LPAREN expression TOK_RPAREN statement TOK_ELSE statement
  181                    | TOK_IF • TOK_LPAREN expression TOK_RPAREN statement

    TOK_LPAREN  shift, and go to state 143


State 61

  185 iteration_statement: TOK_FOR • TOK_LPAREN expression_statement expression_statement TOK_RPAREN statement
  186                    | TOK_FOR • TOK_LPAREN expression_statement expression_statement expression TOK_RPAREN statement
  187                    | TOK_FOR • TOK_LPAREN declaration expression_statement TOK_RPAREN statement
  188                    | TOK_FOR • TOK_LPAREN declaration expression_statement expression TOK_RPAREN statement

    TOK_LPAREN  shift, and go to state 144


State 62

  183 iteration_statement: TOK_WHILE • TOK_LPAREN expression TOK_RPAREN statement

    TOK_LPAREN  shift, and go to state 145


State 63

  184 iteration_statement: TOK_REPEAT • statement TOK_UNTIL TOK_LPAREN expression TOK_RPAREN TOK_SEMICOLON

    TOK_IF          shift, and go to state 60
    TOK_FOR         shift, and go to state 61
    TOK_WHILE       shift, and go to state 62
    TOK_REPEAT      shift, and go to state 63
    TOK_SWITCH      shift, and go to state 64
    TOK_CASE        shift, and go to state 65
    TOK_DEFAULT     shift, and go to state 66
    TOK_BREAK       shift, and go to state 67
    TOK_CONTINUE    shift, and go to state 68
    TOK_RETURN      shift, and go to state 69
    TOK_SIZEOF      shift, and go to state 70
    TOK_BEGIN       shift, and go to state 44
    TOK_TRUE        shift, and go to state 72
    TOK_FALSE       shift, and go to state 73
    TOK_IDENTIFIER  shift, and go to state 74
    TOK_INTEGER     shift, and go to state 75
    TOK_FLOAT_LIT   shift, and go to state 76
    TOK_CHAR_LIT    shift, and go to state 77
    TOK_STRING_LIT  shift, and go to state 78
    TOK_PLUS        shift, and go to state 79
    TOK_MINUS       shift, and go to state 80
    TOK_NOT         shift, and go to state 81
    TOK_BITNOT      shift, and go to state 82
    TOK_INC         shift, and go to state 83
    TOK_DEC         shift, and go to state 84
    TOK_AMP         shift, and go to state 85
    TOK_STAR        shift, and go to state 86
    TOK_LPAREN      shift, and go to state 87
    TOK_SEMICOLON   shift, and go to state 88

    primary_expression         go to state 89
    constant                   go to state 90
    string                     go to state 91
    postfix_expression         go to state 92
    unary_expression           go to state 93
    unary_operator             go to state 94
    cast_expression            go to state 95
    multiplicative_expression  go to state 96
    additive_expression        go to state 97
    shift_expression           go to state 98
    relational_expression      go to state 99
    equality_expression        go to state 100
    and_expression             go to state 101
    exclusive_or_expression    go to state 102
    inclusive_or_expression    go to state 103
    logical_and_expression     go to state 104
    logical_or_expression      go to state 105
    conditional_expression     go to state 106
    assignment_expression      go to state 107
    expression                 go to state 108
    statement                  go to state 146
    labeled_statement          go to state 111
    compound_statement         go to state 112
    expression_statement       go to state 115
    selection_statement        go to state 116
    iteration_statement        go to state 117
    jump_statement             go to state 118


State 64

  182 selection_statement: TOK_SWITCH • TOK_LPAREN expression TOK_RPAREN statement

    TOK_LPAREN  shift, and go to state 147


State 65

  170 labeled_statement: TOK_CASE • constant_expression TOK_COLON statement

    TOK_SIZEOF      shift, and go to state 70
    TOK_TRUE        shift, and go to state 72
    TOK_FALSE       shift, and go to state 73
    TOK_IDENTIFIER  shift, and go to state 120
    TOK_INTEGER     shift, and go to state 75
    TOK_FLOAT_LIT   shift, and go to state 76
    TOK_CHAR_LIT    shift, and go to state 77
    TOK_STRING_LIT  shift, and go to state 78
    TOK_PLUS        shift, and go to state 79
    TOK_MINUS       shift, and go to state 80
    TOK_NOT         shift, and go to state 81
    TOK_BITNOT      shift, and go to state 82
    TOK_INC         shift, and go to state 83
    TOK_DEC         shift, and go to state 84
    TOK_AMP         shift, and go to state 85
    TOK_STAR        shift, and go to state 86
    TOK_LPAREN      shift, and go to state 87

    primary_expression         go to state 89
    constant                   go to state 90
    string                     go to state 91
    postfix_expression         go to state 92
    unary_expression           go to state 148
    unary_operator             go to state 94
    cast_expression            go to state 95
    multiplicative_expression  go to state 96
    additive_expression        go to state 97
    shift_expression           go to state 98
    relational_expression      go to state 99
    equality_expression        go to state 100
    and_expression             go to state 101
    exclusive_or_expression    go to state 102
    inclusive_or_expression    go to state 103
    logical_and_expression     go to state 104
    logical_or_expression      go to state 105
    conditional_expression     go to state 149
    constant_expression        go to state 150


State 66

  171 labeled_statement: TOK_DEFAULT • TOK_COLON statement

    TOK_COLON  shift, and go to state 151


State 67

  190 jump_statement: TOK_BREAK • TOK_SEMICOLON

    TOK_SEMICOLON  shift, and go to state 152


State 68

  189 jump_statement: TOK_CONTINUE • TOK_SEMICOLON

    TOK_SEMICOLON  shift, and go to state 153


State 69

  191 jump_statement: TOK_RETURN • TOK_SEMICOLON
  192               | TOK_RETURN • expression TOK_SEMICOLON

    TOK_SIZEOF      shift, and go to state 70
    TOK_TRUE        shift, and go to state 72
    TOK_FALSE       shift, and go to state 73
    TOK_IDENTIFIER  shift, and go to state 120
    TOK_INTEGER     shift, and go to state 75
    TOK_FLOAT_LIT   shift, and go to state 76
    TOK_CHAR_LIT    shift, and go to state 77
    TOK_STRING_LIT  shift, and go to state 78
    TOK_PLUS        shift, and go to state 79
    TOK_MINUS       shift, and go to state 80
    TOK_NOT         shift, and go to state 81
    TOK_BITNOT      shift, and go to state 82
    TOK_INC         shift, and go to state 83
    TOK_DEC         shift, and go to state 84
    TOK_AMP         shift, and go to state 85
    TOK_STAR        shift, and go to state 86
    TOK_LPAREN      shift, and go to state 87
    TOK_SEMICOLON   shift, and go to state 154

    primary_expression         go to state 89
    constant                   go to state 90
    string                     go to state 91
    postfix_expression         go to state 92
    unary_expression           go to state 93
    unary_operator             go to state 94
    cast_expression            go to state 95
    multiplicative_expression  go to state 96
    additive_expression        go to state 97
    shift_expression           go to state 98
    relational_expression      go to state 99
    equality_expression        go to state 100
    and_expression             go to state 101
    exclusive_or_expression    go to state 102
    inclusive_or_expression    go to state 103
    logical_and_expression     go to state 104
    logical_or_expression      go to state 105
    conditional_expression     go to state 106
    assignment_expression      go to state 107
    expression                 go to state 155


State 70

   27 unary_expression: TOK_SIZEOF • unary_expression
   28                 | TOK_SIZEOF • TOK_LPAREN type_name TOK_RPAREN

    TOK_SIZEOF      shift, and go to state 70
    TOK_TRUE        shift, and go to state 72
    TOK_FALSE       shift, and go to state 73
    TOK_IDENTIFIER  shift, and go to state 120
    TOK_INTEGER     shift, and go to state 75
    TOK_FLOAT_LIT   shift, and go to state 76
    TOK_CHAR_LIT    shift, and go to state 77
    TOK_STRING_LIT  shift, and go to state 78
    TOK_PLUS        shift, and go to state 79
    TOK_MINUS       shift, and go to state 80
    TOK_NOT         shift, and go to state 81
    TOK_BITNOT      shift, and go to state 82
    TOK_INC         shift, and go to state 83
    TOK_DEC         shift, and go to state 84
    TOK_AMP         shift, and go to state 85
    TOK_STAR        shift, and go to state 86
    TOK_LPAREN      shift, and go to state 156

    primary_expression  go to state 89
    constant            go to state 90
    string              go to state 91
    postfix_expression  go to state 92
    unary_expression    go to state 157
    unary_operator      go to state 94


State 71

  172 compound_statement: TOK_BEGIN TOK_END •

    $default  reduce using rule 172 (compound_statement)


State 72

    4 primary_expression: TOK_TRUE •

    $default  reduce using rule 4 (primary_expression)


State 73

    5 primary_expression: TOK_FALSE •

    $default  reduce using rule 5 (primary_expression)


State 74

    1 primary_expression: TOK_IDENTIFIER •
  169 labeled_statement: TOK_IDENTIFIER • TOK_COLON statement

    TOK_COLON  shift, and go to state 158

    $default  reduce using rule 1 (primary_expression)


State 75

    7 constant: TOK_INTEGER •

    $default  reduce using rule 7 (constant)


State 76

    8 constant: TOK_FLOAT_LIT •

    $default  reduce using rule 8 (constant)


State 77

    9 constant: TOK_CHAR_LIT •

    $default  reduce using rule 9 (constant)


State 78

   10 string: TOK_STRING_LIT •

    $default  reduce using rule 10 (string)


State 79

   31 unary_operator: TOK_PLUS •

    $default  reduce using rule 31 (unary_operator)


State 80

   32 unary_operator: TOK_MINUS •

    $default  reduce using rule 32 (unary_operator)


State 81

   34 unary_operator: TOK_NOT •

    $default  reduce using rule 34 (unary_operator)


State 82

   33 unary_operator: TOK_BITNOT •

    $default  reduce using rule 33 (unary_operator)


State 83

   24 unary_expression: TOK_INC • unary_expression

    TOK_SIZEOF      shift, and go to state 70
    TOK_TRUE        shift, and go to state 72
    TOK_FALSE       shift, and go to state 73
    TOK_IDENTIFIER  shift, and go to state 120
    TOK_INTEGER     shift, and go to state 75
    TOK_FLOAT_LIT   shift, and go to state 76
    TOK_CHAR_LIT    shift, and go to state 77
    TOK_STRING_LIT  shift, and go to state 78
    TOK_PLUS        shift, and go to state 79
    TOK_MINUS       shift, and go to state 80
    TOK_NOT         shift, and go to state 81
    TOK_BITNOT      shift, and go to state 82
    TOK_INC         shift, and go to state 83
    TOK_DEC         shift, and go to state 84
    TOK_AMP         shift, and go to state 85
    TOK_STAR        shift, and go to state 86
    TOK_LPAREN      shift, and go to state 159

    primary_expression  go to state 89
    constant            go to state 90
    string              go to state 91
    postfix_expression  go to state 92
    unary_expression    go to state 160
    unary_operator      go to state 94


State 84

   25 unary_expression: TOK_DEC • unary_expression

    TOK_SIZEOF      shift, and go to state 70
    TOK_TRUE        shift, and go to state 72
    TOK_FALSE       shift, and go to state 73
    TOK_IDENTIFIER  shift, and go to state 120
    TOK_INTEGER     shift, and go to state 75
    TOK_FLOAT_LIT   shift, and go to state 76
    TOK_CHAR_LIT    shift, and go to state 77
    TOK_STRING_LIT  shift, and go to state 78
    TOK_PLUS        shift, and go to state 79
    TOK_MINUS       shift, and go to state 80
    TOK_NOT         shift, and go to state 81
    TOK_BITNOT      shift, and go to state 82
    TOK_INC         shift, and go to state 83
    TOK_DEC         shift, and go to state 84
    TOK_AMP         shift, and go to state 85
    TOK_STAR        shift, and go to state 86
    TOK_LPAREN      shift, and go to state 159

    primary_expression  go to state 89
    constant            go to state 90
    string              go to state 91
    postfix_expression  go to state 92
    unary_expression    go to state 161
    unary_operator      go to state 94


State 85

   29 unary_operator: TOK_AMP •

    $default  reduce using rule 29 (unary_operator)


State 86

   30 unary_operator: TOK_STAR •

    $default  reduce using rule 30 (unary_operator)


State 87

    6 primary_expression: TOK_LPAREN • expression TOK_RPAREN
   19 postfix_expression: TOK_LPAREN • type_name TOK_RPAREN TOK_BEGIN initializer_list TOK_END
   20                   | TOK_LPAREN • type_name TOK_RPAREN TOK_BEGIN initializer_list TOK_COMMA TOK_END
   36 cast_expression: TOK_LPAREN • type_name TOK_RPAREN cast_expression

    TOK_INT         shift, and go to state 1
    TOK_SHORT       shift, and go to state 2
    TOK_FLOAT       shift, and go to state 3
    TOK_CHAR        shift, and go to state 4
    TOK_VOID        shift, and go to state 5
    TOK_BOOL        shift, and go to state 6
    TOK_BOOLEAN     shift, and go to state 7
    TOK_STRUCT      shift, and go to state 8
    TOK_INT8_T      shift, and go to state 9
    TOK_INT16_T     shift, and go to state 10
    TOK_INT32_T     shift, and go to state 11
    TOK_INT64_T     shift, and go to state 12
    TOK_SIGNED      shift, and go to state 13
    TOK_UNSIGNED    shift, and go to state 14
    TOK_SIZEOF      shift, and go to state 70
    TOK_TRUE        shift, and go to state 72
    TOK_FALSE       shift, and go to state 73
    TOK_IDENTIFIER  shift, and go to state 120
    TOK_INTEGER     shift, and go to state 75
    TOK_FLOAT_LIT   shift, and go to state 76
    TOK_CHAR_LIT    shift, and go to state 77
    TOK_STRING_LIT  shift, and go to state 78
    TOK_PLUS        shift, and go to state 79
    TOK_MINUS       shift, and go to state 80
    TOK_NOT         shift, and go to state 81
    TOK_BITNOT      shift, and go to state 82
    TOK_INC         shift, and go to state 83
    TOK_DEC         shift, and go to state 84
    TOK_AMP         shift, and go to state 85
    TOK_STAR        shift, and go to state 86
    TOK_LPAREN      shift, and go to state 87

    primary_expression         go to state 89
    constant                   go to state 90
    string                     go to state 91
    postfix_expression         go to state 92
    unary_expression           go to state 93
    unary_operator             go to state 94
    cast_expression            go to state 95
    multiplicative_expression  go to state 96
    additive_expression        go to state 97
    shift_expression           go to state 98
    relational_expression      go to state 99
    equality_expression        go to state 100
    and_expression             go to state 101
    exclusive_or_expression    go to state 102
    inclusive_or_expression    go to state 103
    logical_and_expression     go to state 104
    logical_or_expression      go to state 105
    conditional_expression     go to state 106
    assignment_expression      go to state 107
    expression                 go to state 162
    type_specifier             go to state 53
    struct_specifier           go to state 21
    specifier_qualifier_list   go to state 163
    type_name                  go to state 164


State 88

  178 expression_statement: TOK_SEMICOLON •

    $default  reduce using rule 178 (expression_statement)


State 89

   11 postfix_expression: primary_expression •

    $default  reduce using rule 11 (postfix_expression)


State 90

    2 primary_expression: constant •

    $default  reduce using rule 2 (primary_expression)


State 91

    3 primary_expression: string •

    $default  reduce using rule 3 (primary_expression)


State 92

   12 postfix_expression: postfix_expression • TOK_LBRACKET expression TOK_RBRACKET
   13                   | postfix_expression • TOK_LPAREN TOK_RPAREN
   14                   | postfix_expression • TOK_LPAREN argument_expression_list TOK_RPAREN
   15                   | postfix_expression • TOK_DOT TOK_IDENTIFIER
   16                   | postfix_expression • TOK_ARROW TOK_IDENTIFIER
   17                   | postfix_expression • TOK_INC
   18                   | postfix_expression • TOK_DEC
   23 unary_expression: postfix_expression •

    TOK_INC       shift, and go to state 165
    TOK_DEC       shift, and go to state 166
    TOK_ARROW     shift, and go to state 167
    TOK_LPAREN    shift, and go to state 168
    TOK_LBRACKET  shift, and go to state 169
    TOK_DOT       shift, and go to state 170

    $default  reduce using rule 23 (unary_expression)


State 93

   35 cast_expression: unary_expression •
   68 assignment_expression: unary_expression • assignment_operator assignment_expression

    TOK_ASSIGN   shift, and go to state 171
    TOK_PLUSEQ   shift, and go to state 172
    TOK_MINUSEQ  shift, and go to state 173
    TOK_MULTEQ   shift, and go to state 174
    TOK_DIVEQ    shift, and go to state 175
    TOK_MODEQ    shift, and go to state 176

    $default  reduce using rule 35 (cast_expression)

    assignment_operator  go to state 177


State 94

   26 unary_expression: unary_operator • cast_expression

    TOK_SIZEOF      shift, and go to state 70
    TOK_TRUE        shift, and go to state 72
    TOK_FALSE       shift, and go to state 73
    TOK_IDENTIFIER  shift, and go to state 120
    TOK_INTEGER     shift, and go to state 75
    TOK_FLOAT_LIT   shift, and go to state 76
    TOK_CHAR_LIT    shift, and go to state 77
    TOK_STRING_LIT  shift, and go to state 78
    TOK_PLUS        shift, and go to state 79
    TOK_MINUS       shift, and go to state 80
    TOK_NOT         shift, and go to state 81
    TOK_BITNOT      shift, and go to state 82
    TOK_INC         shift, and go to state 83
    TOK_DEC         shift, and go to state 84
    TOK_AMP         shift, and go to state 85
    TOK_STAR        shift, and go to state 86
    TOK_LPAREN      shift, and go to state 87

    primary_expression  go to state 89
    constant            go to state 90
    string              go to state 91
    postfix_expression  go to state 92
    unary_expression    go to state 148
    unary_operator      go to state 94
    cast_expression     go to state 178


State 95

   37 multiplicative_expression: cast_expression •

    $default  reduce using rule 37 (multiplicative_expression)


State 96

   38 multiplicative_expression: multiplicative_expression • TOK_MULT cast_expression
   39                          | multiplicative_expression • TOK_DIV cast_expression
   40                          | multiplicative_expression • TOK_MOD cast_expression
   41 additive_expression: multiplicative_expression •

    TOK_MULT  shift, and go to state 179
    TOK_DIV   shift, and go to state 180
    TOK_MOD   shift, and go to state 181

    $default  reduce using rule 41 (additive_expression)


State 97

   42 additive_expression: additive_expression • TOK_PLUS multiplicative_expression
   43                    | additive_expression • TOK_MINUS multiplicative_expression
   44 shift_expression: additive_expression •

    TOK_PLUS   shift, and go to state 182
    TOK_MINUS  shift, and go to state 183

    $default  reduce using rule 44 (shift_expression)


State 98

   45 shift_expression: shift_expression • TOK_LSHIFT additive_expression
   46                 | shift_expression • TOK_RSHIFT additive_expression
   47 relational_expression: shift_expression •

    TOK_LSHIFT  shift, and go to state 184
    TOK_RSHIFT  shift, and go to state 185

    $default  reduce using rule 47 (relational_expression)


State 99

   48 relational_expression: relational_expression • TOK_LT shift_expression
   49                      | relational_expression • TOK_GT shift_expression
   50                      | relational_expression • TOK_LE shift_expression
   51                      | relational_expression • TOK_GE shift_expression
   52                      | relational_expression • TOK_SPACESHIP shift_expression
   53 equality_expression: relational_expression •

    TOK_LT         shift, and go to state 186
    TOK_LE         shift, and go to state 187
    TOK_GT         shift, and go to state 188
    TOK_GE         shift, and go to state 189
    TOK_SPACESHIP  shift, and go to state 190

    $default  reduce using rule 53 (equality_expression)


State 100

   54 equality_expression: equality_expression • TOK_EQ relational_expression
   55                    | equality_expression • TOK_NE relational_expression
   56 and_expression: equality_expression •

    TOK_EQ  shift, and go to state 191
    TOK_NE  shift, and go to state 192

    $default  reduce using rule 56 (and_expression)


State 101

   57 and_expression: and_expression • TOK_AMP equality_expression
   58 exclusive_or_expression: and_expression •

    TOK_AMP  shift, and go to state 193

    $default  reduce using rule 58 (exclusive_or_expression)


State 102

   59 exclusive_or_expression: exclusive_or_expression • TOK_XOR and_expression
   60 inclusive_or_expression: exclusive_or_expression •

    TOK_XOR  shift, and go to state 194

    $default  reduce using rule 60 (inclusive_or_expression)


State 103

   61 inclusive_or_expression: inclusive_or_expression • TOK_BITOR exclusive_or_expression
   62 logical_and_expression: inclusive_or_expression •

    TOK_BITOR  shift, and go to state 195

    $default  reduce using rule 62 (logical_and_expression)


State 104

   63 logical_and_expression: logical_and_expression • TOK_AND inclusive_or_expression
   64 logical_or_expression: logical_and_expression •

    TOK_AND  shift, and go to state 196

    $default  reduce using rule 64 (logical_or_expression)


State 105

   65 logical_or_expression: logical_or_expression • TOK_OR logical_and_expression
   66 conditional_expression: logical_or_expression •

    TOK_OR  shift, and go to state 197

    $default  reduce using rule 66 (conditional_expression)


State 106

   67 assignment_expression: conditional_expression •

    $default  reduce using rule 67 (assignment_expression)


State 107

   75 expression: assignment_expression •

    $default  reduce using rule 75 (expression)


State 108

   76 expression: expression • TOK_COMMA assignment_expression
  179 expression_statement: expression • TOK_SEMICOLON

    TOK_SEMICOLON  shift, and go to state 198
    TOK_COMMA      shift, and go to state 199


State 109

  176 block_item: declaration •

    $default  reduce using rule 176 (block_item)


State 110

  177 block_item: statement •

    $default  reduce using rule 177 (block_item)


State 111

  163 statement: labeled_statement •

    $default  reduce using rule 163 (statement)


State 112

  164 statement: compound_statement •

    $default  reduce using rule 164 (statement)


State 113

  173 compound_statement: TOK_BEGIN block_item_list • TOK_END
  175 block_item_list: block_item_list • block_item

    TOK_INT         shift, and go to state 1
    TOK_SHORT       shift, and go to state 2
    TOK_FLOAT       shift, and go to state 3
    TOK_CHAR        shift, and go to state 4
    TOK_VOID        shift, and go to state 5
    TOK_BOOL        shift, and go to state 6
    TOK_BOOLEAN     shift, and go to state 7
    TOK_STRUCT      shift, and go to state 8
    TOK_INT8_T      shift, and go to state 9
    TOK_INT16_T     shift, and go to state 10
    TOK_INT32_T     shift, and go to state 11
    TOK_INT64_T     shift, and go to state 12
    TOK_SIGNED      shift, and go to state 13
    TOK_UNSIGNED    shift, and go to state 14
    TOK_EXTERN      shift, and go to state 15
    TOK_STATIC      shift, and go to state 16
    TOK_IF          shift, and go to state 60
    TOK_FOR         shift, and go to state 61
    TOK_WHILE       shift, and go to state 62
    TOK_REPEAT      shift, and go to state 63
    TOK_SWITCH      shift, and go to state 64
    TOK_CASE        shift, and go to state 65
    TOK_DEFAULT     shift, and go to state 66
    TOK_BREAK       shift, and go to state 67
    TOK_CONTINUE    shift, and go to state 68
    TOK_RETURN      shift, and go to state 69
    TOK_SIZEOF      shift, and go to state 70
    TOK_BEGIN       shift, and go to state 44
    TOK_END         shift, and go to state 200
    TOK_TRUE        shift, and go to state 72
    TOK_FALSE       shift, and go to state 73
    TOK_IDENTIFIER  shift, and go to state 74
    TOK_INTEGER     shift, and go to state 75
    TOK_FLOAT_LIT   shift, and go to state 76
    TOK_CHAR_LIT    shift, and go to state 77
    TOK_STRING_LIT  shift, and go to state 78
    TOK_PLUS        shift, and go to state 79
    TOK_MINUS       shift, and go to state 80
    TOK_NOT         shift, and go to state 81
    TOK_BITNOT      shift, and go to state 82
    TOK_INC         shift, and go to state 83
    TOK_DEC         shift, and go to state 84
    TOK_AMP         shift, and go to state 85
    TOK_STAR        shift, and go to state 86
    TOK_LPAREN      shift, and go to state 87
    TOK_SEMICOLON   shift, and go to state 88

    primary_expression         go to state 89
    constant                   go to state 90
    string                     go to state 91
    postfix_expression         go to state 92
    unary_expression           go to state 93
    unary_operator             go to state 94
    cast_expression            go to state 95
    multiplicative_expression  go to state 96
    additive_expression        go to state 97
    shift_expression           go to state 98
    relational_expression      go to state 99
    equality_expression        go to state 100
    and_expression             go to state 101
    exclusive_or_expression    go to state 102
    inclusive_or_expression    go to state 103
    logical_and_expression     go to state 104
    logical_or_expression      go to state 105
    conditional_expression     go to state 106
    assignment_expression      go to state 107
    expression                 go to state 108
    declaration                go to state 109
    declaration_specifiers     go to state 47
    storage_class_specifier    go to state 19
    type_specifier             go to state 20
    struct_specifier           go to state 21
    statement                  go to state 110
    labeled_statement          go to state 111
    compound_statement         go to state 112
    block_item                 go to state 201
    expression_statement       go to state 115
    selection_statement        go to state 116
    iteration_statement        go to state 117
    jump_statement             go to state 118


State 114

  174 block_item_list: block_item •

    $default  reduce using rule 174 (block_item_list)


State 115

  165 statement: expression_statement •

    $default  reduce using rule 165 (statement)


State 116

  166 statement: selection_statement •

    $default  reduce using rule 166 (statement)


State 117

  167 statement: iteration_statement •

    $default  reduce using rule 167 (statement)


State 118

  168 statement: jump_statement •

    $default  reduce using rule 168 (statement)


State 119

  151 initializer: TOK_BEGIN • initializer_list TOK_END
  152            | TOK_BEGIN • initializer_list TOK_COMMA TOK_END

    TOK_SIZEOF      shift, and go to state 70
    TOK_BEGIN       shift, and go to state 119
    TOK_TRUE        shift, and go to state 72
    TOK_FALSE       shift, and go to state 73
    TOK_IDENTIFIER  shift, and go to state 120
    TOK_INTEGER     shift, and go to state 75
    TOK_FLOAT_LIT   shift, and go to state 76
    TOK_CHAR_LIT    shift, and go to state 77
    TOK_STRING_LIT  shift, and go to state 78
    TOK_PLUS        shift, and go to state 79
    TOK_MINUS       shift, and go to state 80
    TOK_NOT         shift, and go to state 81
    TOK_BITNOT      shift, and go to state 82
    TOK_INC         shift, and go to state 83
    TOK_DEC         shift, and go to state 84
    TOK_AMP         shift, and go to state 85
    TOK_STAR        shift, and go to state 86
    TOK_LPAREN      shift, and go to state 87
    TOK_LBRACKET    shift, and go to state 202
    TOK_DOT         shift, and go to state 203

    primary_expression         go to state 89
    constant                   go to state 90
    string                     go to state 91
    postfix_expression         go to state 92
    unary_expression           go to state 93
    unary_operator             go to state 94
    cast_expression            go to state 95
    multiplicative_expression  go to state 96
    additive_expression        go to state 97
    shift_expression           go to state 98
    relational_expression      go to state 99
    equality_expression        go to state 100
    and_expression             go to state 101
    exclusive_or_expression    go to state 102
    inclusive_or_expression    go to state 103
    logical_and_expression     go to state 104
    logical_or_expression      go to state 105
    conditional_expression     go to state 106
    assignment_expression      go to state 121
    initializer                go to state 204
    initializer_list           go to state 205
    designation                go to state 206
    designator_list            go to state 207
    designator                 go to state 208


State 120

    1 primary_expression: TOK_IDENTIFIER •

    $default  reduce using rule 1 (primary_expression)


State 121

  153 initializer: assignment_expression •

    $default  reduce using rule 153 (initializer)


State 122

   86 init_declarator: declarator TOK_ASSIGN initializer •

    $default  reduce using rule 86 (init_declarator)


State 123

  200 declaration_list: declaration_list declaration •

    $default  reduce using rule 200 (declaration_list)


State 124

  197 function_definition: declaration_specifiers declarator declaration_list compound_statement •

    $default  reduce using rule 197 (function_definition)


State 125

  135 identifier_list: TOK_IDENTIFIER •

    $default  reduce using rule 135 (identifier_list)


State 126

  125 direct_declarator: direct_declarator TOK_LPAREN TOK_RPAREN •

    $default  reduce using rule 125 (direct_declarator)


State 127

  132 parameter_declaration: declaration_specifiers • declarator
  133                      | declaration_specifiers • abstract_declarator
  134                      | declaration_specifiers •

    TOK_IDENTIFIER  shift, and go to state 26
    TOK_STAR        shift, and go to state 27
    TOK_LPAREN      shift, and go to state 209
    TOK_LBRACKET    shift, and go to state 210

    $default  reduce using rule 134 (parameter_declaration)

    declarator                  go to state 211
    direct_declarator           go to state 33
    pointer                     go to state 212
    abstract_declarator         go to state 213
    direct_abstract_declarator  go to state 214


State 128

  124 direct_declarator: direct_declarator TOK_LPAREN parameter_type_list • TOK_RPAREN

    TOK_RPAREN  shift, and go to state 215


State 129

  129 parameter_type_list: parameter_list •
  131 parameter_list: parameter_list • TOK_COMMA parameter_declaration

    TOK_COMMA  shift, and go to state 216

    $default  reduce using rule 129 (parameter_type_list)


State 130

  130 parameter_list: parameter_declaration •

    $default  reduce using rule 130 (parameter_list)


State 131

  126 direct_declarator: direct_declarator TOK_LPAREN identifier_list • TOK_RPAREN
  136 identifier_list: identifier_list • TOK_COMMA TOK_IDENTIFIER

    TOK_RPAREN  shift, and go to state 217
    TOK_COMMA   shift, and go to state 218


State 132

  122 direct_declarator: direct_declarator TOK_LBRACKET TOK_RBRACKET •

    $default  reduce using rule 122 (direct_declarator)


State 133

  123 direct_declarator: direct_declarator TOK_LBRACKET assignment_expression • TOK_RBRACKET

    TOK_RBRACKET  shift, and go to state 219


State 134

  118 declarator: pointer $@1 direct_declarator •
  122 direct_declarator: direct_declarator • TOK_LBRACKET TOK_RBRACKET
  123                  | direct_declarator • TOK_LBRACKET assignment_expression TOK_RBRACKET
  124                  | direct_declarator • TOK_LPAREN parameter_type_list TOK_RPAREN
  125                  | direct_declarator • TOK_LPAREN TOK_RPAREN
  126                  | direct_declarator • TOK_LPAREN identifier_list TOK_RPAREN

    TOK_LPAREN    shift, and go to state 50
    TOK_LBRACKET  shift, and go to state 51

    $default  reduce using rule 118 (declarator)


State 135

  110 specifier_qualifier_list: type_specifier specifier_qualifier_list •

    $default  reduce using rule 110 (specifier_qualifier_list)


State 136

  104 struct_specifier: TOK_STRUCT TOK_IDENTIFIER TOK_BEGIN struct_declaration_list TOK_END •

    $default  reduce using rule 104 (struct_specifier)


State 137

  107 struct_declaration_list: struct_declaration_list struct_declaration •

    $default  reduce using rule 107 (struct_declaration_list)


State 138

  108 struct_declaration: specifier_qualifier_list TOK_SEMICOLON •

    $default  reduce using rule 108 (struct_declaration)


State 139

  114 struct_declarator: TOK_COLON • constant_expression

    TOK_SIZEOF      shift, and go to state 70
    TOK_TRUE        shift, and go to state 72
    TOK_FALSE       shift, and go to state 73
    TOK_IDENTIFIER  shift, and go to state 120
    TOK_INTEGER     shift, and go to state 75
    TOK_FLOAT_LIT   shift, and go to state 76
    TOK_CHAR_LIT    shift, and go to state 77
    TOK_STRING_LIT  shift, and go to state 78
    TOK_PLUS        shift, and go to state 79
    TOK_MINUS       shift, and go to state 80
    TOK_NOT         shift, and go to state 81
    TOK_BITNOT      shift, and go to state 82
    TOK_INC         shift, and go to state 83
    TOK_DEC         shift, and go to state 84
    TOK_AMP         shift, and go to state 85
    TOK_STAR        shift, and go to state 86
    TOK_LPAREN      shift, and go to state 87

    primary_expression         go to state 89
    constant                   go to state 90
    string                     go to state 91
    postfix_expression         go to state 92
    unary_expression           go to state 148
    unary_operator             go to state 94
    cast_expression            go to state 95
    multiplicative_expression  go to state 96
    additive_expression        go to state 97
    shift_expression           go to state 98
    relational_expression      go to state 99
    equality_expression        go to state 100
    and_expression             go to state 101
    exclusive_or_expression    go to state 102
    inclusive_or_expression    go to state 103
    logical_and_expression     go to state 104
    logical_or_expression      go to state 105
    conditional_expression     go to state 149
    constant_expression        go to state 220


State 140

  109 struct_declaration: specifier_qualifier_list struct_declarator_list • TOK_SEMICOLON
  113 struct_declarator_list: struct_declarator_list • TOK_COMMA struct_declarator

    TOK_SEMICOLON  shift, and go to state 221
    TOK_COMMA      shift, and go to state 222


State 141

  112 struct_declarator_list: struct_declarator •

    $default  reduce using rule 112 (struct_declarator_list)


State 142

  115 struct_declarator: declarator • TOK_COLON constant_expression
  116                  | declarator •

    TOK_COLON  shift, and go to state 223

    $default  reduce using rule 116 (struct_declarator)


State 143

  180 selection_statement: TOK_IF TOK_LPAREN • expression TOK_RPAREN statement TOK_ELSE statement
  181                    | TOK_IF TOK_LPAREN • expression TOK_RPAREN statement

    TOK_SIZEOF      shift, and go to state 70
    TOK_TRUE        shift, and go to state 72
    TOK_FALSE       shift, and go to state 73
    TOK_IDENTIFIER  shift, and go to state 120
    TOK_INTEGER     shift, and go to state 75
    TOK_FLOAT_LIT   shift, and go to state 76
    TOK_CHAR_LIT    shift, and go to state 77
    TOK_STRING_LIT  shift, and go to state 78
    TOK_PLUS        shift, and go to state 79
    TOK_MINUS       shift, and go to state 80
    TOK_NOT         shift, and go to state 81
    TOK_BITNOT      shift, and go to state 82
    TOK_INC         shift, and go to state 83
    TOK_DEC         shift, and go to state 84
    TOK_AMP         shift, and go to state 85
    TOK_STAR        shift, and go to state 86
    TOK_LPAREN      shift, and go to state 87

    primary_expression         go to state 89
    constant                   go to state 90
    string                     go to state 91
    postfix_expression         go to state 92
    unary_expression           go to state 93
    unary_operator             go to state 94
    cast_expression            go to state 95
    multiplicative_expression  go to state 96
    additive_expression        go to state 97
    shift_expression           go to state 98
    relational_expression      go to state 99
    equality_expression        go to state 100
    and_expression             go to state 101
    exclusive_or_expression    go to state 102
    inclusive_or_expression    go to state 103
    logical_and_expression     go to state 104
    logical_or_expression      go to state 105
    conditional_expression     go to state 106
    assignment_expression      go to state 107
    expression                 go to state 224


State 144

  185 iteration_statement: TOK_FOR TOK_LPAREN • expression_statement expression_statement TOK_RPAREN statement
  186                    | TOK_FOR TOK_LPAREN • expression_statement expression_statement expression TOK_RPAREN statement
  187                    | TOK_FOR TOK_LPAREN • declaration expression_statement TOK_RPAREN statement
  188                    | TOK_FOR TOK_LPAREN • declaration expression_statement expression TOK_RPAREN statement

    TOK_INT         shift, and go to state 1
    TOK_SHORT       shift, and go to state 2
    TOK_FLOAT       shift, and go to state 3
    TOK_CHAR        shift, and go to state 4
    TOK_VOID        shift, and go to state 5
    TOK_BOOL        shift, and go to state 6
    TOK_BOOLEAN     shift, and go to state 7
    TOK_STRUCT      shift, and go to state 8
    TOK_INT8_T      shift, and go to state 9
    TOK_INT16_T     shift, and go to state 10
    TOK_INT32_T     shift, and go to state 11
    TOK_INT64_T     shift, and go to state 12
    TOK_SIGNED      shift, and go to state 13
    TOK_UNSIGNED    shift, and go to state 14
    TOK_EXTERN      shift, and go to state 15
    TOK_STATIC      shift, and go to state 16
    TOK_SIZEOF      shift, and go to state 70
    TOK_TRUE        shift, and go to state 72
    TOK_FALSE       shift, and go to state 73
    TOK_IDENTIFIER  shift, and go to state 120
    TOK_INTEGER     shift, and go to state 75
    TOK_FLOAT_LIT   shift, and go to state 76
    TOK_CHAR_LIT    shift, and go to state 77
    TOK_STRING_LIT  shift, and go to state 78
    TOK_PLUS        shift, and go to state 79
    TOK_MINUS       shift, and go to state 80
    TOK_NOT         shift, and go to state 81
    TOK_BITNOT      shift, and go to state 82
    TOK_INC         shift, and go to state 83
    TOK_DEC         shift, and go to state 84
    TOK_AMP         shift, and go to state 85
    TOK_STAR        shift, and go to state 86
    TOK_LPAREN      shift, and go to state 87
    TOK_SEMICOLON   shift, and go to state 88

    primary_expression         go to state 89
    constant                   go to state 90
    string                     go to state 91
    postfix_expression         go to state 92
    unary_expression           go to state 93
    unary_operator             go to state 94
    cast_expression            go to state 95
    multiplicative_expression  go to state 96
    additive_expression        go to state 97
    shift_expression           go to state 98
    relational_expression      go to state 99
    equality_expression        go to state 100
    and_expression             go to state 101
    exclusive_or_expression    go to state 102
    inclusive_or_expression    go to state 103
    logical_and_expression     go to state 104
    logical_or_expression      go to state 105
    conditional_expression     go to state 106
    assignment_expression      go to state 107
    expression                 go to state 108
    declaration                go to state 225
    declaration_specifiers     go to state 47
    storage_class_specifier    go to state 19
    type_specifier             go to state 20
    struct_specifier           go to state 21
    expression_statement       go to state 226


State 145

  183 iteration_statement: TOK_WHILE TOK_LPAREN • expression TOK_RPAREN statement

    TOK_SIZEOF      shift, and go to state 70
    TOK_TRUE        shift, and go to state 72
    TOK_FALSE       shift, and go to state 73
    TOK_IDENTIFIER  shift, and go to state 120
    TOK_INTEGER     shift, and go to state 75
    TOK_FLOAT_LIT   shift, and go to state 76
    TOK_CHAR_LIT    shift, and go to state 77
    TOK_STRING_LIT  shift, and go to state 78
    TOK_PLUS        shift, and go to state 79
    TOK_MINUS       shift, and go to state 80
    TOK_NOT         shift, and go to state 81
    TOK_BITNOT      shift, and go to state 82
    TOK_INC         shift, and go to state 83
    TOK_DEC         shift, and go to state 84
    TOK_AMP         shift, and go to state 85
    TOK_STAR        shift, and go to state 86
    TOK_LPAREN      shift, and go to state 87

    primary_expression         go to state 89
    constant                   go to state 90
    string                     go to state 91
    postfix_expression         go to state 92
    unary_expression           go to state 93
    unary_operator             go to state 94
    cast_expression            go to state 95
    multiplicative_expression  go to state 96
    additive_expression        go to state 97
    shift_expression           go to state 98
    relational_expression      go to state 99
    equality_expression        go to state 100
    and_expression             go to state 101
    exclusive_or_expression    go to state 102
    inclusive_or_expression    go to state 103
    logical_and_expression     go to state 104
    logical_or_expression      go to state 105
    conditional_expression     go to state 106
    assignment_expression      go to state 107
    expression                 go to state 227


State 146

  184 iteration_statement: TOK_REPEAT statement • TOK_UNTIL TOK_LPAREN expression TOK_RPAREN TOK_SEMICOLON

    TOK_UNTIL  shift, and go to state 228


State 147

  182 selection_statement: TOK_SWITCH TOK_LPAREN • expression TOK_RPAREN statement

    TOK_SIZEOF      shift, and go to state 70
    TOK_TRUE        shift, and go to state 72
    TOK_FALSE       shift, and go to state 73
    TOK_IDENTIFIER  shift, and go to state 120
    TOK_INTEGER     shift, and go to state 75
    TOK_FLOAT_LIT   shift, and go to state 76
    TOK_CHAR_LIT    shift, and go to state 77
    TOK_STRING_LIT  shift, and go to state 78
    TOK_PLUS        shift, and go to state 79
    TOK_MINUS       shift, and go to state 80
    TOK_NOT         shift, and go to state 81
    TOK_BITNOT      shift, and go to state 82
    TOK_INC         shift, and go to state 83
    TOK_DEC         shift, and go to state 84
    TOK_AMP         shift, and go to state 85
    TOK_STAR        shift, and go to state 86
    TOK_LPAREN      shift, and go to state 87

    primary_expression         go to state 89
    constant                   go to state 90
    string                     go to state 91
    postfix_expression         go to state 92
    unary_expression           go to state 93
    unary_operator             go to state 94
    cast_expression            go to state 95
    multiplicative_expression  go to state 96
    additive_expression        go to state 97
    shift_expression           go to state 98
    relational_expression      go to state 99
    equality_expression        go to state 100
    and_expression             go to state 101
    exclusive_or_expression    go to state 102
    inclusive_or_expression    go to state 103
    logical_and_expression     go to state 104
    logical_or_expression      go to state 105
    conditional_expression     go to state 106
    assignment_expression      go to state 107
    expression                 go to state 229


State 148

   35 cast_expression: unary_expression •

    $default  reduce using rule 35 (cast_expression)


State 149

   77 constant_expression: conditional_expression •

    $default  reduce using rule 77 (constant_expression)


State 150

  170 labeled_statement: TOK_CASE constant_expression • TOK_COLON statement

    TOK_COLON  shift, and go to state 230


State 151

  171 labeled_statement: TOK_DEFAULT TOK_COLON • statement

    TOK_IF          shift, and go to state 60
    TOK_FOR         shift, and go to state 61
    TOK_WHILE       shift, and go to state 62
    TOK_REPEAT      shift, and go to state 63
    TOK_SWITCH      shift, and go to state 64
    TOK_CASE        shift, and go to state 65
    TOK_DEFAULT     shift, and go to state 66
    TOK_BREAK       shift, and go to state 67
    TOK_CONTINUE    shift, and go to state 68
    TOK_RETURN      shift, and go to state 69
    TOK_SIZEOF      shift, and go to state 70
    TOK_BEGIN       shift, and go to state 44
    TOK_TRUE        shift, and go to state 72
    TOK_FALSE       shift, and go to state 73
    TOK_IDENTIFIER  shift, and go to state 74
    TOK_INTEGER     shift, and go to state 75
    TOK_FLOAT_LIT   shift, and go to state 76
    TOK_CHAR_LIT    shift, and go to state 77
    TOK_STRING_LIT  shift, and go to state 78
    TOK_PLUS        shift, and go to state 79
    TOK_MINUS       shift, and go to state 80
    TOK_NOT         shift, and go to state 81
    TOK_BITNOT      shift, and go to state 82
    TOK_INC         shift, and go to state 83
    TOK_DEC         shift, and go to state 84
    TOK_AMP         shift, and go to state 85
    TOK_STAR        shift, and go to state 86
    TOK_LPAREN      shift, and go to state 87
    TOK_SEMICOLON   shift, and go to state 88

    primary_expression         go to state 89
    constant                   go to state 90
    string                     go to state 91
    postfix_expression         go to state 92
    unary_expression           go to state 93
    unary_operator             go to state 94
    cast_expression            go to state 95
    multiplicative_expression  go to state 96
    additive_expression        go to state 97
    shift_expression           go to state 98
    relational_expression      go to state 99
    equality_expression        go to state 100
    and_expression             go to state 101
    exclusive_or_expression    go to state 102
    inclusive_or_expression    go to state 103
    logical_and_expression     go to state 104
    logical_or_expression      go to state 105
    conditional_expression     go to state 106
    assignment_expression      go to state 107
    expression                 go to state 108
    statement                  go to state 231
    labeled_statement          go to state 111
    compound_statement         go to state 112
    expression_statement       go to state 115
    selection_statement        go to state 116
    iteration_statement        go to state 117
    jump_statement             go to state 118


State 152

  190 jump_statement: TOK_BREAK TOK_SEMICOLON •

    $default  reduce using rule 190 (jump_statement)


State 153

  189 jump_statement: TOK_CONTINUE TOK_SEMICOLON •

    $default  reduce using rule 189 (jump_statement)


State 154

  191 jump_statement: TOK_RETURN TOK_SEMICOLON •

    $default  reduce using rule 191 (jump_statement)


State 155

   76 expression: expression • TOK_COMMA assignment_expression
  192 jump_statement: TOK_RETURN expression • TOK_SEMICOLON

    TOK_SEMICOLON  shift, and go to state 232
    TOK_COMMA      shift, and go to state 199


State 156

    6 primary_expression: TOK_LPAREN • expression TOK_RPAREN
   19 postfix_expression: TOK_LPAREN • type_name TOK_RPAREN TOK_BEGIN initializer_list TOK_END
   20                   | TOK_LPAREN • type_name TOK_RPAREN TOK_BEGIN initializer_list TOK_COMMA TOK_END
   28 unary_expression: TOK_SIZEOF TOK_LPAREN • type_name TOK_RPAREN

    TOK_INT         shift, and go to state 1
    TOK_SHORT       shift, and go to state 2
    TOK_FLOAT       shift, and go to state 3
    TOK_CHAR        shift, and go to state 4
    TOK_VOID        shift, and go to state 5
    TOK_BOOL        shift, and go to state 6
    TOK_BOOLEAN     shift, and go to state 7
    TOK_STRUCT      shift, and go to state 8
    TOK_INT8_T      shift, and go to state 9
    TOK_INT16_T     shift, and go to state 10
    TOK_INT32_T     shift, and go to state 11
    TOK_INT64_T     shift, and go to state 12
    TOK_SIGNED      shift, and go to state 13
    TOK_UNSIGNED    shift, and go to state 14
    TOK_SIZEOF      shift, and go to state 70
    TOK_TRUE        shift, and go to state 72
    TOK_FALSE       shift, and go to state 73
    TOK_IDENTIFIER  shift, and go to state 120
    TOK_INTEGER     shift, and go to state 75
    TOK_FLOAT_LIT   shift, and go to state 76
    TOK_CHAR_LIT    shift, and go to state 77
    TOK_STRING_LIT  shift, and go to state 78
    TOK_PLUS        shift, and go to state 79
    TOK_MINUS       shift, and go to state 80
    TOK_NOT         shift, and go to state 81
    TOK_BITNOT      shift, and go to state 82
    TOK_INC         shift, and go to state 83
    TOK_DEC         shift, and go to state 84
    TOK_AMP         shift, and go to state 85
    TOK_STAR        shift, and go to state 86
    TOK_LPAREN      shift, and go to state 87

    primary_expression         go to state 89
    constant                   go to state 90
    string                     go to state 91
    postfix_expression         go to state 92
    unary_expression           go to state 93
    unary_operator             go to state 94
    cast_expression            go to state 95
    multiplicative_expression  go to state 96
    additive_expression        go to state 97
    shift_expression           go to state 98
    relational_expression      go to state 99
    equality_expression        go to state 100
    and_expression             go to state 101
    exclusive_or_expression    go to state 102
    inclusive_or_expression    go to state 103
    logical_and_expression     go to state 104
    logical_or_expression      go to state 105
    conditional_expression     go to state 106
    assignment_expression      go to state 107
    expression                 go to state 162
    type_specifier             go to state 53
    struct_specifier           go to state 21
    specifier_qualifier_list   go to state 163
    type_name                  go to state 233


State 157

   27 unary_expression: TOK_SIZEOF unary_expression •

    $default  reduce using rule 27 (unary_expression)


State 158

  169 labeled_statement: TOK_IDENTIFIER TOK_COLON • statement

    TOK_IF          shift, and go to state 60
    TOK_FOR         shift, and go to state 61
    TOK_WHILE       shift, and go to state 62
    TOK_REPEAT      shift, and go to state 63
    TOK_SWITCH      shift, and go to state 64
    TOK_CASE        shift, and go to state 65
    TOK_DEFAULT     shift, and go to state 66
    TOK_BREAK       shift, and go to state 67
    TOK_CONTINUE    shift, and go to state 68
    TOK_RETURN      shift, and go to state 69
    TOK_SIZEOF      shift, and go to state 70
    TOK_BEGIN       shift, and go to state 44
    TOK_TRUE        shift, and go to state 72
    TOK_FALSE       shift, and go to state 73
    TOK_IDENTIFIER  shift, and go to state 74
    TOK_INTEGER     shift, and go to state 75
    TOK_FLOAT_LIT   shift, and go to state 76
    TOK_CHAR_LIT    shift, and go to state 77
    TOK_STRING_LIT  shift, and go to state 78
    TOK_PLUS        shift, and go to state 79
    TOK_MINUS       shift, and go to state 80
    TOK_NOT         shift, and go to state 81
    TOK_BITNOT      shift, and go to state 82
    TOK_INC         shift, and go to state 83
    TOK_DEC         shift, and go to state 84
    TOK_AMP         shift, and go to state 85
    TOK_STAR        shift, and go to state 86
    TOK_LPAREN      shift, and go to state 87
    TOK_SEMICOLON   shift, and go to state 88

    primary_expression         go to state 89
    constant                   go to state 90
    string                     go to state 91
    postfix_expression         go to state 92
    unary_expression           go to state 93
    unary_operator             go to state 94
    cast_expression            go to state 95
    multiplicative_expression  go to state 96
    additive_expression        go to state 97
    shift_expression           go to state 98
    relational_expression      go to state 99
    equality_expression        go to state 100
    and_expression             go to state 101
    exclusive_or_expression    go to state 102
    inclusive_or_expression    go to state 103
    logical_and_expression     go to state 104
    logical_or_expression      go to state 105
    conditional_expression     go to state 106
    assignment_expression      go to state 107
    expression                 go to state 108
    statement                  go to state 234
    labeled_statement          go to state 111
    compound_statement         go to state 112
    expression_statement       go to state 115
    selection_statement        go to state 116
    iteration_statement        go to state 117
    jump_statement             go to state 118


State 159

    6 primary_expression: TOK_LPAREN • expression TOK_RPAREN
   19 postfix_expression: TOK_LPAREN • type_name TOK_RPAREN TOK_BEGIN initializer_list TOK_END
   20                   | TOK_LPAREN • type_name TOK_RPAREN TOK_BEGIN initializer_list TOK_COMMA TOK_END

    TOK_INT         shift, and go to state 1
    TOK_SHORT       shift, and go to state 2
    TOK_FLOAT       shift, and go to state 3
    TOK_CHAR        shift, and go to state 4
    TOK_VOID        shift, and go to state 5
    TOK_BOOL        shift, and go to state 6
    TOK_BOOLEAN     shift, and go to state 7
    TOK_STRUCT      shift, and go to state 8
    TOK_INT8_T      shift, and go to state 9
    TOK_INT16_T     shift, and go to state 10
    TOK_INT32_T     shift, and go to state 11
    TOK_INT64_T     shift, and go to state 12
    TOK_SIGNED      shift, and go to state 13
    TOK_UNSIGNED    shift, and go to state 14
    TOK_SIZEOF      shift, and go to state 70
    TOK_TRUE        shift, and go to state 72
    TOK_FALSE       shift, and go to state 73
    TOK_IDENTIFIER  shift, and go to state 120
    TOK_INTEGER     shift, and go to state 75
    TOK_FLOAT_LIT   shift, and go to state 76
    TOK_CHAR_LIT    shift, and go to state 77
    TOK_STRING_LIT  shift, and go to state 78
    TOK_PLUS        shift, and go to state 79
    TOK_MINUS       shift, and go to state 80
    TOK_NOT         shift, and go to state 81
    TOK_BITNOT      shift, and go to state 82
    TOK_INC         shift, and go to state 83
    TOK_DEC         shift, and go to state 84
    TOK_AMP         shift, and go to state 85
    TOK_STAR        shift, and go to state 86
    TOK_LPAREN      shift, and go to state 87

    primary_expression         go to state 89
    constant                   go to state 90
    string                     go to state 91
    postfix_expression         go to state 92
    unary_expression           go to state 93
    unary_operator             go to state 94
    cast_expression            go to state 95
    multiplicative_expression  go to state 96
    additive_expression        go to state 97
    shift_expression           go to state 98
    relational_expression      go to state 99
    equality_expression        go to state 100
    and_expression             go to state 101
    exclusive_or_expression    go to state 102
    inclusive_or_expression    go to state 103
    logical_and_expression     go to state 104
    logical_or_expression      go to state 105
    conditional_expression     go to state 106
    assignment_expression      go to state 107
    expression                 go to state 162
    type_specifier             go to state 53
    struct_specifier           go to state 21
    specifier_qualifier_list   go to state 163
    type_name                  go to state 235


State 160

   24 unary_expression: TOK_INC unary_expression •

    $default  reduce using rule 24 (unary_expression)


State 161

   25 unary_expression: TOK_DEC unary_expression •

    $default  reduce using rule 25 (unary_expression)


State 162

    6 primary_expression: TOK_LPAREN expression • TOK_RPAREN
   76 expression: expression • TOK_COMMA assignment_expression

    TOK_RPAREN  shift, and go to state 236
    TOK_COMMA   shift, and go to state 199


State 163

  137 type_name: specifier_qualifier_list • abstract_declarator
  138          | specifier_qualifier_list •

    TOK_STAR      shift, and go to state 27
    TOK_LPAREN    shift, and go to state 237
    TOK_LBRACKET  shift, and go to state 210

    $default  reduce using rule 138 (type_name)

    pointer                     go to state 238
    abstract_declarator         go to state 239
    direct_abstract_declarator  go to state 214


State 164

   19 postfix_expression: TOK_LPAREN type_name • TOK_RPAREN TOK_BEGIN initializer_list TOK_END
   20                   | TOK_LPAREN type_name • TOK_RPAREN TOK_BEGIN initializer_list TOK_COMMA TOK_END
   36 cast_expression: TOK_LPAREN type_name • TOK_RPAREN cast_expression

    TOK_RPAREN  shift, and go to state 240


State 165

   17 postfix_expression: postfix_expression TOK_INC •

    $default  reduce using rule 17 (postfix_expression)


State 166

   18 postfix_expression: postfix_expression TOK_DEC •

    $default  reduce using rule 18 (postfix_expression)


State 167

   16 postfix_expression: postfix_expression TOK_ARROW • TOK_IDENTIFIER

    TOK_IDENTIFIER  shift, and go to state 241


State 168

   13 postfix_expression: postfix_expression TOK_LPAREN • TOK_RPAREN
   14                   | postfix_expression TOK_LPAREN • argument_expression_list TOK_RPAREN

    TOK_SIZEOF      shift, and go to state 70
    TOK_TRUE        shift, and go to state 72
    TOK_FALSE       shift, and go to state 73
    TOK_IDENTIFIER  shift, and go to state 120
    TOK_INTEGER     shift, and go to state 75
    TOK_FLOAT_LIT   shift, and go to state 76
    TOK_CHAR_LIT    shift, and go to state 77
    TOK_STRING_LIT  shift, and go to state 78
    TOK_PLUS        shift, and go to state 79
    TOK_MINUS       shift, and go to state 80
    TOK_NOT         shift, and go to state 81
    TOK_BITNOT      shift, and go to state 82
    TOK_INC         shift, and go to state 83
    TOK_DEC         shift, and go to state 84
    TOK_AMP         shift, and go to state 85
    TOK_STAR        shift, and go to state 86
    TOK_LPAREN      shift, and go to state 87
    TOK_RPAREN      shift, and go to state 242

    primary_expression         go to state 89
    constant                   go to state 90
    string                     go to state 91
    postfix_expression         go to state 92
    argument_expression_list   go to state 243
    unary_expression           go to state 93
    unary_operator             go to state 94
    cast_expression            go to state 95
    multiplicative_expression  go to state 96
    additive_expression        go to state 97
    shift_expression           go to state 98
    relational_expression      go to state 99
    equality_expression        go to state 100
    and_expression             go to state 101
    exclusive_or_expression    go to state 102
    inclusive_or_expression    go to state 103
    logical_and_expression     go to state 104
    logical_or_expression      go to state 105
    conditional_expression     go to state 106
    assignment_expression      go to state 244


State 169

   12 postfix_expression: postfix_expression TOK_LBRACKET • expression TOK_RBRACKET

    TOK_SIZEOF      shift, and go to state 70
    TOK_TRUE        shift, and go to state 72
    TOK_FALSE       shift, and go to state 73
    TOK_IDENTIFIER  shift, and go to state 120
    TOK_INTEGER     shift, and go to state 75
    TOK_FLOAT_LIT   shift, and go to state 76
    TOK_CHAR_LIT    shift, and go to state 77
    TOK_STRING_LIT  shift, and go to state 78
    TOK_PLUS        shift, and go to state 79
    TOK_MINUS       shift, and go to state 80
    TOK_NOT         shift, and go to state 81
    TOK_BITNOT      shift, and go to state 82
    TOK_INC         shift, and go to state 83
    TOK_DEC         shift, and go to state 84
    TOK_AMP         shift, and go to state 85
    TOK_STAR        shift, and go to state 86
    TOK_LPAREN      shift, and go to state 87

    primary_expression         go to state 89
    constant                   go to state 90
    string                     go to state 91
    postfix_expression         go to state 92
    unary_expression           go to state 93
    unary_operator             go to state 94
    cast_expression            go to state 95
    multiplicative_expression  go to state 96
    additive_expression        go to state 97
    shift_expression           go to state 98
    relational_expression      go to state 99
    equality_expression        go to state 100
    and_expression             go to state 101
    exclusive_or_expression    go to state 102
    inclusive_or_expression    go to state 103
    logical_and_expression     go to state 104
    logical_or_expression      go to state 105
    conditional_expression     go to state 106
    assignment_expression      go to state 107
    expression                 go to state 245


State 170

   15 postfix_expression: postfix_expression TOK_DOT • TOK_IDENTIFIER

    TOK_IDENTIFIER  shift, and go to state 246


State 171

   69 assignment_operator: TOK_ASSIGN •

    $default  reduce using rule 69 (assignment_operator)


State 172

   73 assignment_operator: TOK_PLUSEQ •

    $default  reduce using rule 73 (assignment_operator)


State 173

   74 assignment_operator: TOK_MINUSEQ •

    $default  reduce using rule 74 (assignment_operator)


State 174

   70 assignment_operator: TOK_MULTEQ •

    $default  reduce using rule 70 (assignment_operator)


State 175

   71 assignment_operator: TOK_DIVEQ •

    $default  reduce using rule 71 (assignment_operator)


State 176

   72 assignment_operator: TOK_MODEQ •

    $default  reduce using rule 72 (assignment_operator)


State 177

   68 assignment_expression: unary_expression assignment_operator • assignment_expression

    TOK_SIZEOF      shift, and go to state 70
    TOK_TRUE        shift, and go to state 72
    TOK_FALSE       shift, and go to state 73
    TOK_IDENTIFIER  shift, and go to state 120
    TOK_INTEGER     shift, and go to state 75
    TOK_FLOAT_LIT   shift, and go to state 76
    TOK_CHAR_LIT    shift, and go to state 77
    TOK_STRING_LIT  shift, and go to state 78
    TOK_PLUS        shift, and go to state 79
    TOK_MINUS       shift, and go to state 80
    TOK_NOT         shift, and go to state 81
    TOK_BITNOT      shift, and go to state 82
    TOK_INC         shift, and go to state 83
    TOK_DEC         shift, and go to state 84
    TOK_AMP         shift, and go to state 85
    TOK_STAR        shift, and go to state 86
    TOK_LPAREN      shift, and go to state 87

    primary_expression         go to state 89
    constant                   go to state 90
    string                     go to state 91
    postfix_expression         go to state 92
    unary_expression           go to state 93
    unary_operator             go to state 94
    cast_expression            go to state 95
    multiplicative_expression  go to state 96
    additive_expression        go to state 97
    shift_expression           go to state 98
    relational_expression      go to state 99
    equality_expression        go to state 100
    and_expression             go to state 101
    exclusive_or_expression    go to state 102
    inclusive_or_expression    go to state 103
    logical_and_expression     go to state 104
    logical_or_expression      go to state 105
    conditional_expression     go to state 106
    assignment_expression      go to state 247


State 178

   26 unary_expression: unary_operator cast_expression •

    $default  reduce using rule 26 (unary_expression)


State 179

   38 multiplicative_expression: multiplicative_expression TOK_MULT • cast_expression

    TOK_SIZEOF      shift, and go to state 70
    TOK_TRUE        shift, and go to state 72
    TOK_FALSE       shift, and go to state 73
    TOK_IDENTIFIER  shift, and go to state 120
    TOK_INTEGER     shift, and go to state 75
    TOK_FLOAT_LIT   shift, and go to state 76
    TOK_CHAR_LIT    shift, and go to state 77
    TOK_STRING_LIT  shift, and go to state 78
    TOK_PLUS        shift, and go to state 79
    TOK_MINUS       shift, and go to state 80
    TOK_NOT         shift, and go to state 81
    TOK_BITNOT      shift, and go to state 82
    TOK_INC         shift, and go to state 83
    TOK_DEC         shift, and go to state 84
    TOK_AMP         shift, and go to state 85
    TOK_STAR        shift, and go to state 86
    TOK_LPAREN      shift, and go to state 87

    primary_expression  go to state 89
    constant            go to state 90
    string              go to state 91
    postfix_expression  go to state 92
    unary_expression    go to state 148
    unary_operator      go to state 94
    cast_expression     go to state 248


State 180

   39 multiplicative_expression: multiplicative_expression TOK_DIV • cast_expression

    TOK_SIZEOF      shift, and go to state 70
    TOK_TRUE        shift, and go to state 72
    TOK_FALSE       shift, and go to state 73
    TOK_IDENTIFIER  shift, and go to state 120
    TOK_INTEGER     shift, and go to state 75
    TOK_FLOAT_LIT   shift, and go to state 76
    TOK_CHAR_LIT    shift, and go to state 77
    TOK_STRING_LIT  shift, and go to state 78
    TOK_PLUS        shift, and go to state 79
    TOK_MINUS       shift, and go to state 80
    TOK_NOT         shift, and go to state 81
    TOK_BITNOT      shift, and go to state 82
    TOK_INC         shift, and go to state 83
    TOK_DEC         shift, and go to state 84
    TOK_AMP         shift, and go to state 85
    TOK_STAR        shift, and go to state 86
    TOK_LPAREN      shift, and go to state 87

    primary_expression  go to state 89
    constant            go to state 90
    string              go to state 91
    postfix_expression  go to state 92
    unary_expression    go to state 148
    unary_operator      go to state 94
    cast_expression     go to state 249


State 181

   40 multiplicative_expression: multiplicative_expression TOK_MOD • cast_expression

    TOK_SIZEOF      shift, and go to state 70
    TOK_TRUE        shift, and go to state 72
    TOK_FALSE       shift, and go to state 73
    TOK_IDENTIFIER  shift, and go to state 120
    TOK_INTEGER     shift, and go to state 75
    TOK_FLOAT_LIT   shift, and go to state 76
    TOK_CHAR_LIT    shift, and go to state 77
    TOK_STRING_LIT  shift, and go to state 78
    TOK_PLUS        shift, and go to state 79
    TOK_MINUS       shift, and go to state 80
    TOK_NOT         shift, and go to state 81
    TOK_BITNOT      shift, and go to state 82
    TOK_INC         shift, and go to state 83
    TOK_DEC         shift, and go to state 84
    TOK_AMP         shift, and go to state 85
    TOK_STAR        shift, and go to state 86
    TOK_LPAREN      shift, and go to state 87

    primary_expression  go to state 89
    constant            go to state 90
    string              go to state 91
    postfix_expression  go to state 92
    unary_expression    go to state 148
    unary_operator      go to state 94
    cast_expression     go to state 250


State 182

   42 additive_expression: additive_expression TOK_PLUS • multiplicative_expression

    TOK_SIZEOF      shift, and go to state 70
    TOK_TRUE        shift, and go to state 72
    TOK_FALSE       shift, and go to state 73
    TOK_IDENTIFIER  shift, and go to state 120
    TOK_INTEGER     shift, and go to state 75
    TOK_FLOAT_LIT   shift, and go to state 76
    TOK_CHAR_LIT    shift, and go to state 77
    TOK_STRING_LIT  shift, and go to state 78
    TOK_PLUS        shift, and go to state 79
    TOK_MINUS       shift, and go to state 80
    TOK_NOT         shift, and go to state 81
    TOK_BITNOT      shift, and go to state 82
    TOK_INC         shift, and go to state 83
    TOK_DEC         shift, and go to state 84
    TOK_AMP         shift, and go to state 85
    TOK_STAR        shift, and go to state 86
    TOK_LPAREN      shift, and go to state 87

    primary_expression         go to state 89
    constant                   go to state 90
    string                     go to state 91
    postfix_expression         go to state 92
    unary_expression           go to state 148
    unary_operator             go to state 94
    cast_expression            go to state 95
    multiplicative_expression  go to state 251


State 183

   43 additive_expression: additive_expression TOK_MINUS • multiplicative_expression

    TOK_SIZEOF      shift, and go to state 70
    TOK_TRUE        shift, and go to state 72
    TOK_FALSE       shift, and go to state 73
    TOK_IDENTIFIER  shift, and go to state 120
    TOK_INTEGER     shift, and go to state 75
    TOK_FLOAT_LIT   shift, and go to state 76
    TOK_CHAR_LIT    shift, and go to state 77
    TOK_STRING_LIT  shift, and go to state 78
    TOK_PLUS        shift, and go to state 79
    TOK_MINUS       shift, and go to state 80
    TOK_NOT         shift, and go to state 81
    TOK_BITNOT      shift, and go to state 82
    TOK_INC         shift, and go to state 83
    TOK_DEC         shift, and go to state 84
    TOK_AMP         shift, and go to state 85
    TOK_STAR        shift, and go to state 86
    TOK_LPAREN      shift, and go to state 87

    primary_expression         go to state 89
    constant                   go to state 90
    string                     go to state 91
    postfix_expression         go to state 92
    unary_expression           go to state 148
    unary_operator             go to state 94
    cast_expression            go to state 95
    multiplicative_expression  go to state 252


State 184

   45 shift_expression: shift_expression TOK_LSHIFT • additive_expression

    TOK_SIZEOF      shift, and go to state 70
    TOK_TRUE        shift, and go to state 72
    TOK_FALSE       shift, and go to state 73
    TOK_IDENTIFIER  shift, and go to state 120
    TOK_INTEGER     shift, and go to state 75
    TOK_FLOAT_LIT   shift, and go to state 76
    TOK_CHAR_LIT    shift, and go to state 77
    TOK_STRING_LIT  shift, and go to state 78
    TOK_PLUS        shift, and go to state 79
    TOK_MINUS       shift, and go to state 80
    TOK_NOT         shift, and go to state 81
    TOK_BITNOT      shift, and go to state 82
    TOK_INC         shift, and go to state 83
    TOK_DEC         shift, and go to state 84
    TOK_AMP         shift, and go to state 85
    TOK_STAR        shift, and go to state 86
    TOK_LPAREN      shift, and go to state 87

    primary_expression         go to state 89
    constant                   go to state 90
    string                     go to state 91
    postfix_expression         go to state 92
    unary_expression           go to state 148
    unary_operator             go to state 94
    cast_expression            go to state 95
    multiplicative_expression  go to state 96
    additive_expression        go to state 253


State 185

   46 shift_expression: shift_expression TOK_RSHIFT • additive_expression

    TOK_SIZEOF      shift, and go to state 70
    TOK_TRUE        shift, and go to state 72
    TOK_FALSE       shift, and go to state 73
    TOK_IDENTIFIER  shift, and go to state 120
    TOK_INTEGER     shift, and go to state 75
    TOK_FLOAT_LIT   shift, and go to state 76
    TOK_CHAR_LIT    shift, and go to state 77
    TOK_STRING_LIT  shift, and go to state 78
    TOK_PLUS        shift, and go to state 79
    TOK_MINUS       shift, and go to state 80
    TOK_NOT         shift, and go to state 81
    TOK_BITNOT      shift, and go to state 82
    TOK_INC         shift, and go to state 83
    TOK_DEC         shift, and go to state 84
    TOK_AMP         shift, and go to state 85
    TOK_STAR        shift, and go to state 86
    TOK_LPAREN      shift, and go to state 87

    primary_expression         go to state 89
    constant                   go to state 90
    string                     go to state 91
    postfix_expression         go to state 92
    unary_expression           go to state 148
    unary_operator             go to state 94
    cast_expression            go to state 95
    multiplicative_expression  go to state 96
    additive_expression        go to state 254


State 186

   48 relational_expression: relational_expression TOK_LT • shift_expression

    TOK_SIZEOF      shift, and go to state 70
    TOK_TRUE        shift, and go to state 72
    TOK_FALSE       shift, and go to state 73
    TOK_IDENTIFIER  shift, and go to state 120
    TOK_INTEGER     shift, and go to state 75
    TOK_FLOAT_LIT   shift, and go to state 76
    TOK_CHAR_LIT    shift, and go to state 77
    TOK_STRING_LIT  shift, and go to state 78
    TOK_PLUS        shift, and go to state 79
    TOK_MINUS       shift, and go to state 80
    TOK_NOT         shift, and go to state 81
    TOK_BITNOT      shift, and go to state 82
    TOK_INC         shift, and go to state 83
    TOK_DEC         shift, and go to state 84
    TOK_AMP         shift, and go to state 85
    TOK_STAR        shift, and go to state 86
    TOK_LPAREN      shift, and go to state 87

    primary_expression         go to state 89
    constant                   go to state 90
    string                     go to state 91
    postfix_expression         go to state 92
    unary_expression           go to state 148
    unary_operator             go to state 94
    cast_expression            go to state 95
    multiplicative_expression  go to state 96
    additive_expression        go to state 97
    shift_expression           go to state 255


State 187

   50 relational_expression: relational_expression TOK_LE • shift_expression

    TOK_SIZEOF      shift, and go to state 70
    TOK_TRUE        shift, and go to state 72
    TOK_FALSE       shift, and go to state 73
    TOK_IDENTIFIER  shift, and go to state 120
    TOK_INTEGER     shift, and go to state 75
    TOK_FLOAT_LIT   shift, and go to state 76
    TOK_CHAR_LIT    shift, and go to state 77
    TOK_STRING_LIT  shift, and go to state 78
    TOK_PLUS        shift, and go to state 79
    TOK_MINUS       shift, and go to state 80
    TOK_NOT         shift, and go to state 81
    TOK_BITNOT      shift, and go to state 82
    TOK_INC         shift, and go to state 83
    TOK_DEC         shift, and go to state 84
    TOK_AMP         shift, and go to state 85
    TOK_STAR        shift, and go to state 86
    TOK_LPAREN      shift, and go to state 87

    primary_expression         go to state 89
    constant                   go to state 90
    string                     go to state 91
    postfix_expression         go to state 92
    unary_expression           go to state 148
    unary_operator             go to state 94
    cast_expression            go to state 95
    multiplicative_expression  go to state 96
    additive_expression        go to state 97
    shift_expression           go to state 256


State 188

   49 relational_expression: relational_expression TOK_GT • shift_expression

    TOK_SIZEOF      shift, and go to state 70
    TOK_TRUE        shift, and go to state 72
    TOK_FALSE       shift, and go to state 73
    TOK_IDENTIFIER  shift, and go to state 120
    TOK_INTEGER     shift, and go to state 75
    TOK_FLOAT_LIT   shift, and go to state 76
    TOK_CHAR_LIT    shift, and go to state 77
    TOK_STRING_LIT  shift, and go to state 78
    TOK_PLUS        shift, and go to state 79
    TOK_MINUS       shift, and go to state 80
    TOK_NOT         shift, and go to state 81
    TOK_BITNOT      shift, and go to state 82
    TOK_INC         shift, and go to state 83
    TOK_DEC         shift, and go to state 84
    TOK_AMP         shift, and go to state 85
    TOK_STAR        shift, and go to state 86
    TOK_LPAREN      shift, and go to state 87

    primary_expression         go to state 89
    constant                   go to state 90
    string                     go to state 91
    postfix_expression         go to state 92
    unary_expression           go to state 148
    unary_operator             go to state 94
    cast_expression            go to state 95
    multiplicative_expression  go to state 96
    additive_expression        go to state 97
    shift_expression           go to state 257


State 189

   51 relational_expression: relational_expression TOK_GE • shift_expression

    TOK_SIZEOF      shift, and go to state 70
    TOK_TRUE        shift, and go to state 72
    TOK_FALSE       shift, and go to state 73
    TOK_IDENTIFIER  shift, and go to state 120
    TOK_INTEGER     shift, and go to state 75
    TOK_FLOAT_LIT   shift, and go to state 76
    TOK_CHAR_LIT    shift, and go to state 77
    TOK_STRING_LIT  shift, and go to state 78
    TOK_PLUS        shift, and go to state 79
    TOK_MINUS       shift, and go to state 80
    TOK_NOT         shift, and go to state 81
    TOK_BITNOT      shift, and go to state 82
    TOK_INC         shift, and go to state 83
    TOK_DEC         shift, and go to state 84
    TOK_AMP         shift, and go to state 85
    TOK_STAR        shift, and go to state 86
    TOK_LPAREN      shift, and go to state 87

    primary_expression         go to state 89
    constant                   go to state 90
    string                     go to state 91
    postfix_expression         go to state 92
    unary_expression           go to state 148
    unary_operator             go to state 94
    cast_expression            go to state 95
    multiplicative_expression  go to state 96
    additive_expression        go to state 97
    shift_expression           go to state 258


State 190

   52 relational_expression: relational_expression TOK_SPACESHIP • shift_expression

    TOK_SIZEOF      shift, and go to state 70
    TOK_TRUE        shift, and go to state 72
    TOK_FALSE       shift, and go to state 73
    TOK_IDENTIFIER  shift, and go to state 120
    TOK_INTEGER     shift, and go to state 75
    TOK_FLOAT_LIT   shift, and go to state 76
    TOK_CHAR_LIT    shift, and go to state 77
    TOK_STRING_LIT  shift, and go to state 78
    TOK_PLUS        shift, and go to state 79
    TOK_MINUS       shift, and go to state 80
    TOK_NOT         shift, and go to state 81
    TOK_BITNOT      shift, and go to state 82
    TOK_INC         shift, and go to state 83
    TOK_DEC         shift, and go to state 84
    TOK_AMP         shift, and go to state 85
    TOK_STAR        shift, and go to state 86
    TOK_LPAREN      shift, and go to state 87

    primary_expression         go to state 89
    constant                   go to state 90
    string                     go to state 91
    postfix_expression         go to state 92
    unary_expression           go to state 148
    unary_operator             go to state 94
    cast_expression            go to state 95
    multiplicative_expression  go to state 96
    additive_expression        go to state 97
    shift_expression           go to state 259


State 191

   54 equality_expression: equality_expression TOK_EQ • relational_expression

    TOK_SIZEOF      shift, and go to state 70
    TOK_TRUE        shift, and go to state 72
    TOK_FALSE       shift, and go to state 73
    TOK_IDENTIFIER  shift, and go to state 120
    TOK_INTEGER     shift, and go to state 75
    TOK_FLOAT_LIT   shift, and go to state 76
    TOK_CHAR_LIT    shift, and go to state 77
    TOK_STRING_LIT  shift, and go to state 78
    TOK_PLUS        shift, and go to state 79
    TOK_MINUS       shift, and go to state 80
    TOK_NOT         shift, and go to state 81
    TOK_BITNOT      shift, and go to state 82
    TOK_INC         shift, and go to state 83
    TOK_DEC         shift, and go to state 84
    TOK_AMP         shift, and go to state 85
    TOK_STAR        shift, and go to state 86
    TOK_LPAREN      shift, and go to state 87

    primary_expression         go to state 89
    constant                   go to state 90
    string                     go to state 91
    postfix_expression         go to state 92
    unary_expression           go to state 148
    unary_operator             go to state 94
    cast_expression            go to state 95
    multiplicative_expression  go to state 96
    additive_expression        go to state 97
    shift_expression           go to state 98
    relational_expression      go to state 260


State 192

   55 equality_expression: equality_expression TOK_NE • relational_expression

    TOK_SIZEOF      shift, and go to state 70
    TOK_TRUE        shift, and go to state 72
    TOK_FALSE       shift, and go to state 73
    TOK_IDENTIFIER  shift, and go to state 120
    TOK_INTEGER     shift, and go to state 75
    TOK_FLOAT_LIT   shift, and go to state 76
    TOK_CHAR_LIT    shift, and go to state 77
    TOK_STRING_LIT  shift, and go to state 78
    TOK_PLUS        shift, and go to state 79
    TOK_MINUS       shift, and go to state 80
    TOK_NOT         shift, and go to state 81
    TOK_BITNOT      shift, and go to state 82
    TOK_INC         shift, and go to state 83
    TOK_DEC         shift, and go to state 84
    TOK_AMP         shift, and go to state 85
    TOK_STAR        shift, and go to state 86
    TOK_LPAREN      shift, and go to state 87

    primary_expression         go to state 89
    constant                   go to state 90
    string                     go to state 91
    postfix_expression         go to state 92
    unary_expression           go to state 148
    unary_operator             go to state 94
    cast_expression            go to state 95
    multiplicative_expression  go to state 96
    additive_expression        go to state 97
    shift_expression           go to state 98
    relational_expression      go to state 261


State 193

   57 and_expression: and_expression TOK_AMP • equality_expression

    TOK_SIZEOF      shift, and go to state 70
    TOK_TRUE        shift, and go to state 72
    TOK_FALSE       shift, and go to state 73
    TOK_IDENTIFIER  shift, and go to state 120
    TOK_INTEGER     shift, and go to state 75
    TOK_FLOAT_LIT   shift, and go to state 76
    TOK_CHAR_LIT    shift, and go to state 77
    TOK_STRING_LIT  shift, and go to state 78
    TOK_PLUS        shift, and go to state 79
    TOK_MINUS       shift, and go to state 80
    TOK_NOT         shift, and go to state 81
    TOK_BITNOT      shift, and go to state 82
    TOK_INC         shift, and go to state 83
    TOK_DEC         shift, and go to state 84
    TOK_AMP         shift, and go to state 85
    TOK_STAR        shift, and go to state 86
    TOK_LPAREN      shift, and go to state 87

    primary_expression         go to state 89
    constant                   go to state 90
    string                     go to state 91
    postfix_expression         go to state 92
    unary_expression           go to state 148
    unary_operator             go to state 94
    cast_expression            go to state 95
    multiplicative_expression  go to state 96
    additive_expression        go to state 97
    shift_expression           go to state 98
    relational_expression      go to state 99
    equality_expression        go to state 262


State 194

   59 exclusive_or_expression: exclusive_or_expression TOK_XOR • and_expression

    TOK_SIZEOF      shift, and go to state 70
    TOK_TRUE        shift, and go to state 72
    TOK_FALSE       shift, and go to state 73
    TOK_IDENTIFIER  shift, and go to state 120
    TOK_INTEGER     shift, and go to state 75
    TOK_FLOAT_LIT   shift, and go to state 76
    TOK_CHAR_LIT    shift, and go to state 77
    TOK_STRING_LIT  shift, and go to state 78
    TOK_PLUS        shift, and go to state 79
    TOK_MINUS       shift, and go to state 80
    TOK_NOT         shift, and go to state 81
    TOK_BITNOT      shift, and go to state 82
    TOK_INC         shift, and go to state 83
    TOK_DEC         shift, and go to state 84
    TOK_AMP         shift, and go to state 85
    TOK_STAR        shift, and go to state 86
    TOK_LPAREN      shift, and go to state 87

    primary_expression         go to state 89
    constant                   go to state 90
    string                     go to state 91
    postfix_expression         go to state 92
    unary_expression           go to state 148
    unary_operator             go to state 94
    cast_expression            go to state 95
    multiplicative_expression  go to state 96
    additive_expression        go to state 97
    shift_expression           go to state 98
    relational_expression      go to state 99
    equality_expression        go to state 100
    and_expression             go to state 263


State 195

   61 inclusive_or_expression: inclusive_or_expression TOK_BITOR • exclusive_or_expression

    TOK_SIZEOF      shift, and go to state 70
    TOK_TRUE        shift, and go to state 72
    TOK_FALSE       shift, and go to state 73
    TOK_IDENTIFIER  shift, and go to state 120
    TOK_INTEGER     shift, and go to state 75
    TOK_FLOAT_LIT   shift, and go to state 76
    TOK_CHAR_LIT    shift, and go to state 77
    TOK_STRING_LIT  shift, and go to state 78
    TOK_PLUS        shift, and go to state 79
    TOK_MINUS       shift, and go to state 80
    TOK_NOT         shift, and go to state 81
    TOK_BITNOT      shift, and go to state 82
    TOK_INC         shift, and go to state 83
    TOK_DEC         shift, and go to state 84
    TOK_AMP         shift, and go to state 85
    TOK_STAR        shift, and go to state 86
    TOK_LPAREN      shift, and go to state 87

    primary_expression         go to state 89
    constant                   go to state 90
    string                     go to state 91
    postfix_expression         go to state 92
    unary_expression           go to state 148
    unary_operator             go to state 94
    cast_expression            go to state 95
    multiplicative_expression  go to state 96
    additive_expression        go to state 97
    shift_expression           go to state 98
    relational_expression      go to state 99
    equality_expression        go to state 100
    and_expression             go to state 101
    exclusive_or_expression    go to state 264


State 196

   63 logical_and_expression: logical_and_expression TOK_AND • inclusive_or_expression

    TOK_SIZEOF      shift, and go to state 70
    TOK_TRUE        shift, and go to state 72
    TOK_FALSE       shift, and go to state 73
    TOK_IDENTIFIER  shift, and go to state 120
    TOK_INTEGER     shift, and go to state 75
    TOK_FLOAT_LIT   shift, and go to state 76
    TOK_CHAR_LIT    shift, and go to state 77
    TOK_STRING_LIT  shift, and go to state 78
    TOK_PLUS        shift, and go to state 79
    TOK_MINUS       shift, and go to state 80
    TOK_NOT         shift, and go to state 81
    TOK_BITNOT      shift, and go to state 82
    TOK_INC         shift, and go to state 83
    TOK_DEC         shift, and go to state 84
    TOK_AMP         shift, and go to state 85
    TOK_STAR        shift, and go to state 86
    TOK_LPAREN      shift, and go to state 87

    primary_expression         go to state 89
    constant                   go to state 90
    string                     go to state 91
    postfix_expression         go to state 92
    unary_expression           go to state 148
    unary_operator             go to state 94
    cast_expression            go to state 95
    multiplicative_expression  go to state 96
    additive_expression        go to state 97
    shift_expression           go to state 98
    relational_expression      go to state 99
    equality_expression        go to state 100
    and_expression             go to state 101
    exclusive_or_expression    go to state 102
    inclusive_or_expression    go to state 265


State 197

   65 logical_or_expression: logical_or_expression TOK_OR • logical_and_expression

    TOK_SIZEOF      shift, and go to state 70
    TOK_TRUE        shift, and go to state 72
    TOK_FALSE       shift, and go to state 73
    TOK_IDENTIFIER  shift, and go to state 120
    TOK_INTEGER     shift, and go to state 75
    TOK_FLOAT_LIT   shift, and go to state 76
    TOK_CHAR_LIT    shift, and go to state 77
    TOK_STRING_LIT  shift, and go to state 78
    TOK_PLUS        shift, and go to state 79
    TOK_MINUS       shift, and go to state 80
    TOK_NOT         shift, and go to state 81
    TOK_BITNOT      shift, and go to state 82
    TOK_INC         shift, and go to state 83
    TOK_DEC         shift, and go to state 84
    TOK_AMP         shift, and go to state 85
    TOK_STAR        shift, and go to state 86
    TOK_LPAREN      shift, and go to state 87

    primary_expression         go to state 89
    constant                   go to state 90
    string                     go to state 91
    postfix_expression         go to state 92
    unary_expression           go to state 148
    unary_operator             go to state 94
    cast_expression            go to state 95
    multiplicative_expression  go to state 96
    additive_expression        go to state 97
    shift_expression           go to state 98
    relational_expression      go to state 99
    equality_expression        go to state 100
    and_expression             go to state 101
    exclusive_or_expression    go to state 102
    inclusive_or_expression    go to state 103
    logical_and_expression     go to state 266


State 198

  179 expression_statement: expression TOK_SEMICOLON •

    $default  reduce using rule 179 (expression_statement)


State 199

   76 expression: expression TOK_COMMA • assignment_expression

    TOK_SIZEOF      shift, and go to state 70
    TOK_TRUE        shift, and go to state 72
    TOK_FALSE       shift, and go to state 73
    TOK_IDENTIFIER  shift, and go to state 120
    TOK_INTEGER     shift, and go to state 75
    TOK_FLOAT_LIT   shift, and go to state 76
    TOK_CHAR_LIT    shift, and go to state 77
    TOK_STRING_LIT  shift, and go to state 78
    TOK_PLUS        shift, and go to state 79
    TOK_MINUS       shift, and go to state 80
    TOK_NOT         shift, and go to state 81
    TOK_BITNOT      shift, and go to state 82
    TOK_INC         shift, and go to state 83
    TOK_DEC         shift, and go to state 84
    TOK_AMP         shift, and go to state 85
    TOK_STAR        shift, and go to state 86
    TOK_LPAREN      shift, and go to state 87

    primary_expression         go to state 89
    constant                   go to state 90
    string                     go to state 91
    postfix_expression         go to state 92
    unary_expression           go to state 93
    unary_operator             go to state 94
    cast_expression            go to state 95
    multiplicative_expression  go to state 96
    additive_expression        go to state 97
    shift_expression           go to state 98
    relational_expression      go to state 99
    equality_expression        go to state 100
    and_expression             go to state 101
    exclusive_or_expression    go to state 102
    inclusive_or_expression    go to state 103
    logical_and_expression     go to state 104
    logical_or_expression      go to state 105
    conditional_expression     go to state 106
    assignment_expression      go to state 267


State 200

  173 compound_statement: TOK_BEGIN block_item_list TOK_END •

    $default  reduce using rule 173 (compound_statement)


State 201

  175 block_item_list: block_item_list block_item •

    $default  reduce using rule 175 (block_item_list)


State 202

  161 designator: TOK_LBRACKET • constant_expression TOK_RBRACKET

    TOK_SIZEOF      shift, and go to state 70
    TOK_TRUE        shift, and go to state 72
    TOK_FALSE       shift, and go to state 73
    TOK_IDENTIFIER  shift, and go to state 120
    TOK_INTEGER     shift, and go to state 75
    TOK_FLOAT_LIT   shift, and go to state 76
    TOK_CHAR_LIT    shift, and go to state 77
    TOK_STRING_LIT  shift, and go to state 78
    TOK_PLUS        shift, and go to state 79
    TOK_MINUS       shift, and go to state 80
    TOK_NOT         shift, and go to state 81
    TOK_BITNOT      shift, and go to state 82
    TOK_INC         shift, and go to state 83
    TOK_DEC         shift, and go to state 84
    TOK_AMP         shift, and go to state 85
    TOK_STAR        shift, and go to state 86
    TOK_LPAREN      shift, and go to state 87

    primary_expression         go to state 89
    constant                   go to state 90
    string                     go to state 91
    postfix_expression         go to state 92
    unary_expression           go to state 148
    unary_operator             go to state 94
    cast_expression            go to state 95
    multiplicative_expression  go to state 96
    additive_expression        go to state 97
    shift_expression           go to state 98
    relational_expression      go to state 99
    equality_expression        go to state 100
    and_expression             go to state 101
    exclusive_or_expression    go to state 102
    inclusive_or_expression    go to state 103
    logical_and_expression     go to state 104
    logical_or_expression      go to state 105
    conditional_expression     go to state 149
    constant_expression        go to state 268


State 203

  162 designator: TOK_DOT • TOK_IDENTIFIER

    TOK_IDENTIFIER  shift, and go to state 269


State 204

  155 initializer_list: initializer •

    $default  reduce using rule 155 (initializer_list)


State 205

  151 initializer: TOK_BEGIN initializer_list • TOK_END
  152            | TOK_BEGIN initializer_list • TOK_COMMA TOK_END
  156 initializer_list: initializer_list • TOK_COMMA designation initializer
  157                 | initializer_list • TOK_COMMA initializer

    TOK_END    shift, and go to state 270
    TOK_COMMA  shift, and go to state 271


State 206

  154 initializer_list: designation • initializer

    TOK_SIZEOF      shift, and go to state 70
    TOK_BEGIN       shift, and go to state 119
    TOK_TRUE        shift, and go to state 72
    TOK_FALSE       shift, and go to state 73
    TOK_IDENTIFIER  shift, and go to state 120
    TOK_INTEGER     shift, and go to state 75
    TOK_FLOAT_LIT   shift, and go to state 76
    TOK_CHAR_LIT    shift, and go to state 77
    TOK_STRING_LIT  shift, and go to state 78
    TOK_PLUS        shift, and go to state 79
    TOK_MINUS       shift, and go to state 80
    TOK_NOT         shift, and go to state 81
    TOK_BITNOT      shift, and go to state 82
    TOK_INC         shift, and go to state 83
    TOK_DEC         shift, and go to state 84
    TOK_AMP         shift, and go to state 85
    TOK_STAR        shift, and go to state 86
    TOK_LPAREN      shift, and go to state 87

    primary_expression         go to state 89
    constant                   go to state 90
    string                     go to state 91
    postfix_expression         go to state 92
    unary_expression           go to state 93
    unary_operator             go to state 94
    cast_expression            go to state 95
    multiplicative_expression  go to state 96
    additive_expression        go to state 97
    shift_expression           go to state 98
    relational_expression      go to state 99
    equality_expression        go to state 100
    and_expression             go to state 101
    exclusive_or_expression    go to state 102
    inclusive_or_expression    go to state 103
    logical_and_expression     go to state 104
    logical_or_expression      go to state 105
    conditional_expression     go to state 106
    assignment_expression      go to state 121
    initializer                go to state 272


State 207

  158 designation: designator_list • TOK_ASSIGN
  160 designator_list: designator_list • designator

    TOK_ASSIGN    shift, and go to state 273
    TOK_LBRACKET  shift, and go to state 202
    TOK_DOT       shift, and go to state 203

    designator  go to state 274


State 208

  159 designator_list: designator •

    $default  reduce using rule 159 (designator_list)


State 209

  121 direct_declarator: TOK_LPAREN • declarator TOK_RPAREN
  142 direct_abstract_declarator: TOK_LPAREN • abstract_declarator TOK_RPAREN
  147                           | TOK_LPAREN • TOK_RPAREN
  148                           | TOK_LPAREN • parameter_type_list TOK_RPAREN

    TOK_INT         shift, and go to state 1
    TOK_SHORT       shift, and go to state 2
    TOK_FLOAT       shift, and go to state 3
    TOK_CHAR        shift, and go to state 4
    TOK_VOID        shift, and go to state 5
    TOK_BOOL        shift, and go to state 6
    TOK_BOOLEAN     shift, and go to state 7
    TOK_STRUCT      shift, and go to state 8
    TOK_INT8_T      shift, and go to state 9
    TOK_INT16_T     shift, and go to state 10
    TOK_INT32_T     shift, and go to state 11
    TOK_INT64_T     shift, and go to state 12
    TOK_SIGNED      shift, and go to state 13
    TOK_UNSIGNED    shift, and go to state 14
    TOK_EXTERN      shift, and go to state 15
    TOK_STATIC      shift, and go to state 16
    TOK_IDENTIFIER  shift, and go to state 26
    TOK_STAR        shift, and go to state 27
    TOK_LPAREN      shift, and go to state 209
    TOK_RPAREN      shift, and go to state 275
    TOK_LBRACKET    shift, and go to state 210

    declaration_specifiers      go to state 127
    storage_class_specifier     go to state 19
    type_specifier              go to state 20
    struct_specifier            go to state 21
    declarator                  go to state 41
    direct_declarator           go to state 33
    pointer                     go to state 212
    parameter_type_list         go to state 276
    parameter_list              go to state 129
    parameter_declaration       go to state 130
    abstract_declarator         go to state 277
    direct_abstract_declarator  go to state 214


State 210

  143 direct_abstract_declarator: TOK_LBRACKET • TOK_RBRACKET
  144                           | TOK_LBRACKET • assignment_expression TOK_RBRACKET

    TOK_SIZEOF      shift, and go to state 70
    TOK_TRUE        shift, and go to state 72
    TOK_FALSE       shift, and go to state 73
    TOK_IDENTIFIER  shift, and go to state 120
    TOK_INTEGER     shift, and go to state 75
    TOK_FLOAT_LIT   shift, and go to state 76
    TOK_CHAR_LIT    shift, and go to state 77
    TOK_STRING_LIT  shift, and go to state 78
    TOK_PLUS        shift, and go to state 79
    TOK_MINUS       shift, and go to state 80
    TOK_NOT         shift, and go to state 81
    TOK_BITNOT      shift, and go to state 82
    TOK_INC         shift, and go to state 83
    TOK_DEC         shift, and go to state 84
    TOK_AMP         shift, and go to state 85
    TOK_STAR        shift, and go to state 86
    TOK_LPAREN      shift, and go to state 87
    TOK_RBRACKET    shift, and go to state 278

    primary_expression         go to state 89
    constant                   go to state 90
    string                     go to state 91
    postfix_expression         go to state 92
    unary_expression           go to state 93
    unary_operator             go to state 94
    cast_expression            go to state 95
    multiplicative_expression  go to state 96
    additive_expression        go to state 97
    shift_expression           go to state 98
    relational_expression      go to state 99
    equality_expression        go to state 100
    and_expression             go to state 101
    exclusive_or_expression    go to state 102
    inclusive_or_expression    go to state 103
    logical_and_expression     go to state 104
    logical_or_expression      go to state 105
    conditional_expression     go to state 106
    assignment_expression      go to state 279


State 211

  132 parameter_declaration: declaration_specifiers declarator •

    $default  reduce using rule 132 (parameter_declaration)


State 212

  118 declarator: pointer • $@1 direct_declarator
  139 abstract_declarator: pointer • direct_abstract_declarator
  140                    | pointer •

    TOK_LPAREN    shift, and go to state 237
    TOK_LBRACKET  shift, and go to state 210

    TOK_IDENTIFIER  reduce using rule 117 ($@1)
    TOK_LPAREN      [reduce using rule 117 ($@1)]
    $default        reduce using rule 140 (abstract_declarator)

    $@1                         go to state 52
    direct_abstract_declarator  go to state 280


State 213

  133 parameter_declaration: declaration_specifiers abstract_declarator •

    $default  reduce using rule 133 (parameter_declaration)


State 214

  141 abstract_declarator: direct_abstract_declarator •
  145 direct_abstract_declarator: direct_abstract_declarator • TOK_LBRACKET TOK_RBRACKET
  146                           | direct_abstract_declarator • TOK_LBRACKET assignment_expression TOK_RBRACKET
  149                           | direct_abstract_declarator • TOK_LPAREN TOK_RPAREN
  150                           | direct_abstract_declarator • TOK_LPAREN parameter_type_list TOK_RPAREN

    TOK_LPAREN    shift, and go to state 281
    TOK_LBRACKET  shift, and go to state 282

    $default  reduce using rule 141 (abstract_declarator)


State 215

  124 direct_declarator: direct_declarator TOK_LPAREN parameter_type_list TOK_RPAREN •

    $default  reduce using rule 124 (direct_declarator)


State 216

  131 parameter_list: parameter_list TOK_COMMA • parameter_declaration

    TOK_INT       shift, and go to state 1
    TOK_SHORT     shift, and go to state 2
    TOK_FLOAT     shift, and go to state 3
    TOK_CHAR      shift, and go to state 4
    TOK_VOID      shift, and go to state 5
    TOK_BOOL      shift, and go to state 6
    TOK_BOOLEAN   shift, and go to state 7
    TOK_STRUCT    shift, and go to state 8
    TOK_INT8_T    shift, and go to state 9
    TOK_INT16_T   shift, and go to state 10
    TOK_INT32_T   shift, and go to state 11
    TOK_INT64_T   shift, and go to state 12
    TOK_SIGNED    shift, and go to state 13
    TOK_UNSIGNED  shift, and go to state 14
    TOK_EXTERN    shift, and go to state 15
    TOK_STATIC    shift, and go to state 16

    declaration_specifiers   go to state 127
    storage_class_specifier  go to state 19
    type_specifier           go to state 20
    struct_specifier         go to state 21
    parameter_declaration    go to state 283


State 217

  126 direct_declarator: direct_declarator TOK_LPAREN identifier_list TOK_RPAREN •

    $default  reduce using rule 126 (direct_declarator)


State 218

  136 identifier_list: identifier_list TOK_COMMA • TOK_IDENTIFIER

    TOK_IDENTIFIER  shift, and go to state 284


State 219

  123 direct_declarator: direct_declarator TOK_LBRACKET assignment_expression TOK_RBRACKET •

    $default  reduce using rule 123 (direct_declarator)


State 220

  114 struct_declarator: TOK_COLON constant_expression •

    $default  reduce using rule 114 (struct_declarator)


State 221

  109 struct_declaration: specifier_qualifier_list struct_declarator_list TOK_SEMICOLON •

    $default  reduce using rule 109 (struct_declaration)


State 222

  113 struct_declarator_list: struct_declarator_list TOK_COMMA • struct_declarator

    TOK_IDENTIFIER  shift, and go to state 26
    TOK_STAR        shift, and go to state 27
    TOK_LPAREN      shift, and go to state 28
    TOK_COLON       shift, and go to state 139

    struct_declarator  go to state 285
    declarator         go to state 142
    direct_declarator  go to state 33
    pointer            go to state 34


State 223

  115 struct_declarator: declarator TOK_COLON • constant_expression

    TOK_SIZEOF      shift, and go to state 70
    TOK_TRUE        shift, and go to state 72
    TOK_FALSE       shift, and go to state 73
    TOK_IDENTIFIER  shift, and go to state 120
    TOK_INTEGER     shift, and go to state 75
    TOK_FLOAT_LIT   shift, and go to state 76
    TOK_CHAR_LIT    shift, and go to state 77
    TOK_STRING_LIT  shift, and go to state 78
    TOK_PLUS        shift, and go to state 79
    TOK_MINUS       shift, and go to state 80
    TOK_NOT         shift, and go to state 81
    TOK_BITNOT      shift, and go to state 82
    TOK_INC         shift, and go to state 83
    TOK_DEC         shift, and go to state 84
    TOK_AMP         shift, and go to state 85
    TOK_STAR        shift, and go to state 86
    TOK_LPAREN      shift, and go to state 87

    primary_expression         go to state 89
    constant                   go to state 90
    string                     go to state 91
    postfix_expression         go to state 92
    unary_expression           go to state 148
    unary_operator             go to state 94
    cast_expression            go to state 95
    multiplicative_expression  go to state 96
    additive_expression        go to state 97
    shift_expression           go to state 98
    relational_expression      go to state 99
    equality_expression        go to state 100
    and_expression             go to state 101
    exclusive_or_expression    go to state 102
    inclusive_or_expression    go to state 103
    logical_and_expression     go to state 104
    logical_or_expression      go to state 105
    conditional_expression     go to state 149
    constant_expression        go to state 286


State 224

   76 expression: expression • TOK_COMMA assignment_expression
  180 selection_statement: TOK_IF TOK_LPAREN expression • TOK_RPAREN statement TOK_ELSE statement
  181                    | TOK_IF TOK_LPAREN expression • TOK_RPAREN statement

    TOK_RPAREN  shift, and go to state 287
    TOK_COMMA   shift, and go to state 199


State 225

  187 iteration_statement: TOK_FOR TOK_LPAREN declaration • expression_statement TOK_RPAREN statement
  188                    | TOK_FOR TOK_LPAREN declaration • expression_statement expression TOK_RPAREN statement

    TOK_SIZEOF      shift, and go to state 70
    TOK_TRUE        shift, and go to state 72
    TOK_FALSE       shift, and go to state 73
    TOK_IDENTIFIER  shift, and go to state 120
    TOK_INTEGER     shift, and go to state 75
    TOK_FLOAT_LIT   shift, and go to state 76
    TOK_CHAR_LIT    shift, and go to state 77
    TOK_STRING_LIT  shift, and go to state 78
    TOK_PLUS        shift, and go to state 79
    TOK_MINUS       shift, and go to state 80
    TOK_NOT         shift, and go to state 81
    TOK_BITNOT      shift, and go to state 82
    TOK_INC         shift, and go to state 83
    TOK_DEC         shift, and go to state 84
    TOK_AMP         shift, and go to state 85
    TOK_STAR        shift, and go to state 86
    TOK_LPAREN      shift, and go to state 87
    TOK_SEMICOLON   shift, and go to state 88

    primary_expression         go to state 89
    constant                   go to state 90
    string                     go to state 91
    postfix_expression         go to state 92
    unary_expression           go to state 93
    unary_operator             go to state 94
    cast_expression            go to state 95
    multiplicative_expression  go to state 96
    additive_expression        go to state 97
    shift_expression           go to state 98
    relational_expression      go to state 99
    equality_expression        go to state 100
    and_expression             go to state 101
    exclusive_or_expression    go to state 102
    inclusive_or_expression    go to state 103
    logical_and_expression     go to state 104
    logical_or_expression      go to state 105
    conditional_expression     go to state 106
    assignment_expression      go to state 107
    expression                 go to state 108
    expression_statement       go to state 288


State 226

  185 iteration_statement: TOK_FOR TOK_LPAREN expression_statement • expression_statement TOK_RPAREN statement
  186                    | TOK_FOR TOK_LPAREN expression_statement • expression_statement expression TOK_RPAREN statement

    TOK_SIZEOF      shift, and go to state 70
    TOK_TRUE        shift, and go to state 72
    TOK_FALSE       shift, and go to state 73
    TOK_IDENTIFIER  shift, and go to state 120
    TOK_INTEGER     shift, and go to state 75
    TOK_FLOAT_LIT   shift, and go to state 76
    TOK_CHAR_LIT    shift, and go to state 77
    TOK_STRING_LIT  shift, and go to state 78
    TOK_PLUS        shift, and go to state 79
    TOK_MINUS       shift, and go to state 80
    TOK_NOT         shift, and go to state 81
    TOK_BITNOT      shift, and go to state 82
    TOK_INC         shift, and go to state 83
    TOK_DEC         shift, and go to state 84
    TOK_AMP         shift, and go to state 85
    TOK_STAR        shift, and go to state 86
    TOK_LPAREN      shift, and go to state 87
    TOK_SEMICOLON   shift, and go to state 88

    primary_expression         go to state 89
    constant                   go to state 90
    string                     go to state 91
    postfix_expression         go to state 92
    unary_expression           go to state 93
    unary_operator             go to state 94
    cast_expression            go to state 95
    multiplicative_expression  go to state 96
    additive_expression        go to state 97
    shift_expression           go to state 98
    relational_expression      go to state 99
    equality_expression        go to state 100
    and_expression             go to state 101
    exclusive_or_expression    go to state 102
    inclusive_or_expression    go to state 103
    logical_and_expression     go to state 104
    logical_or_expression      go to state 105
    conditional_expression     go to state 106
    assignment_expression      go to state 107
    expression                 go to state 108
    expression_statement       go to state 289


State 227

   76 expression: expression • TOK_COMMA assignment_expression
  183 iteration_statement: TOK_WHILE TOK_LPAREN expression • TOK_RPAREN statement

    TOK_RPAREN  shift, and go to state 290
    TOK_COMMA   shift, and go to state 199


State 228

  184 iteration_statement: TOK_REPEAT statement TOK_UNTIL • TOK_LPAREN expression TOK_RPAREN TOK_SEMICOLON

    TOK_LPAREN  shift, and go to state 291


State 229

   76 expression: expression • TOK_COMMA assignment_expression
  182 selection_statement: TOK_SWITCH TOK_LPAREN expression • TOK_RPAREN statement

    TOK_RPAREN  shift, and go to state 292
    TOK_COMMA   shift, and go to state 199


State 230

  170 labeled_statement: TOK_CASE constant_expression TOK_COLON • statement

    TOK_IF          shift, and go to state 60
    TOK_FOR         shift, and go to state 61
    TOK_WHILE       shift, and go to state 62
    TOK_REPEAT      shift, and go to state 63
    TOK_SWITCH      shift, and go to state 64
    TOK_CASE        shift, and go to state 65
    TOK_DEFAULT     shift, and go to state 66
    TOK_BREAK       shift, and go to state 67
    TOK_CONTINUE    shift, and go to state 68
    TOK_RETURN      shift, and go to state 69
    TOK_SIZEOF      shift, and go to state 70
    TOK_BEGIN       shift, and go to state 44
    TOK_TRUE        shift, and go to state 72
    TOK_FALSE       shift, and go to state 73
    TOK_IDENTIFIER  shift, and go to state 74
    TOK_INTEGER     shift, and go to state 75
    TOK_FLOAT_LIT   shift, and go to state 76
    TOK_CHAR_LIT    shift, and go to state 77
    TOK_STRING_LIT  shift, and go to state 78
    TOK_PLUS        shift, and go to state 79
    TOK_MINUS       shift, and go to state 80
    TOK_NOT         shift, and go to state 81
    TOK_BITNOT      shift, and go to state 82
    TOK_INC         shift, and go to state 83
    TOK_DEC         shift, and go to state 84
    TOK_AMP         shift, and go to state 85
    TOK_STAR        shift, and go to state 86
    TOK_LPAREN      shift, and go to state 87
    TOK_SEMICOLON   shift, and go to state 88

    primary_expression         go to state 89
    constant                   go to state 90
    string                     go to state 91
    postfix_expression         go to state 92
    unary_expression           go to state 93
    unary_operator             go to state 94
    cast_expression            go to state 95
    multiplicative_expression  go to state 96
    additive_expression        go to state 97
    shift_expression           go to state 98
    relational_expression      go to state 99
    equality_expression        go to state 100
    and_expression             go to state 101
    exclusive_or_expression    go to state 102
    inclusive_or_expression    go to state 103
    logical_and_expression     go to state 104
    logical_or_expression      go to state 105
    conditional_expression     go to state 106
    assignment_expression      go to state 107
    expression                 go to state 108
    statement                  go to state 293
    labeled_statement          go to state 111
    compound_statement         go to state 112
    expression_statement       go to state 115
    selection_statement        go to state 116
    iteration_statement        go to state 117
    jump_statement             go to state 118


State 231

  171 labeled_statement: TOK_DEFAULT TOK_COLON statement •

    $default  reduce using rule 171 (labeled_statement)


State 232

  192 jump_statement: TOK_RETURN expression TOK_SEMICOLON •

    $default  reduce using rule 192 (jump_statement)


State 233

   19 postfix_expression: TOK_LPAREN type_name • TOK_RPAREN TOK_BEGIN initializer_list TOK_END
   20                   | TOK_LPAREN type_name • TOK_RPAREN TOK_BEGIN initializer_list TOK_COMMA TOK_END
   28 unary_expression: TOK_SIZEOF TOK_LPAREN type_name • TOK_RPAREN

    TOK_RPAREN  shift, and go to state 294


State 234

  169 labeled_statement: TOK_IDENTIFIER TOK_COLON statement •

    $default  reduce using rule 169 (labeled_statement)


State 235

   19 postfix_expression: TOK_LPAREN type_name • TOK_RPAREN TOK_BEGIN initializer_list TOK_END
   20                   | TOK_LPAREN type_name • TOK_RPAREN TOK_BEGIN initializer_list TOK_COMMA TOK_END

    TOK_RPAREN  shift, and go to state 295


State 236

    6 primary_expression: TOK_LPAREN expression TOK_RPAREN •

    $default  reduce using rule 6 (primary_expression)


State 237

  142 direct_abstract_declarator: TOK_LPAREN • abstract_declarator TOK_RPAREN
  147                           | TOK_LPAREN • TOK_RPAREN
  148                           | TOK_LPAREN • parameter_type_list TOK_RPAREN

    TOK_INT       shift, and go to state 1
    TOK_SHORT     shift, and go to state 2
    TOK_FLOAT     shift, and go to state 3
    TOK_CHAR      shift, and go to state 4
    TOK_VOID      shift, and go to state 5
    TOK_BOOL      shift, and go to state 6
    TOK_BOOLEAN   shift, and go to state 7
    TOK_STRUCT    shift, and go to state 8
    TOK_INT8_T    shift, and go to state 9
    TOK_INT16_T   shift, and go to state 10
    TOK_INT32_T   shift, and go to state 11
    TOK_INT64_T   shift, and go to state 12
    TOK_SIGNED    shift, and go to state 13
    TOK_UNSIGNED  shift, and go to state 14
    TOK_EXTERN    shift, and go to state 15
    TOK_STATIC    shift, and go to state 16
    TOK_STAR      shift, and go to state 27
    TOK_LPAREN    shift, and go to state 237
    TOK_RPAREN    shift, and go to state 275
    TOK_LBRACKET  shift, and go to state 210

    declaration_specifiers      go to state 127
    storage_class_specifier     go to state 19
    type_specifier              go to state 20
    struct_specifier            go to state 21
    pointer                     go to state 238
    parameter_type_list         go to state 276
    parameter_list              go to state 129
    parameter_declaration       go to state 130
    abstract_declarator         go to state 277
    direct_abstract_declarator  go to state 214


State 238

  139 abstract_declarator: pointer • direct_abstract_declarator
  140                    | pointer •

    TOK_LPAREN    shift, and go to state 237
    TOK_LBRACKET  shift, and go to state 210

    $default  reduce using rule 140 (abstract_declarator)

    direct_abstract_declarator  go to state 280


State 239

  137 type_name: specifier_qualifier_list abstract_declarator •

    $default  reduce using rule 137 (type_name)


State 240

   19 postfix_expression: TOK_LPAREN type_name TOK_RPAREN • TOK_BEGIN initializer_list TOK_END
   20                   | TOK_LPAREN type_name TOK_RPAREN • TOK_BEGIN initializer_list TOK_COMMA TOK_END
   36 cast_expression: TOK_LPAREN type_name TOK_RPAREN • cast_expression

    TOK_SIZEOF      shift, and go to state 70
    TOK_BEGIN       shift, and go to state 296
    TOK_TRUE        shift, and go to state 72
    TOK_FALSE       shift, and go to state 73
    TOK_IDENTIFIER  shift, and go to state 120
    TOK_INTEGER     shift, and go to state 75
    TOK_FLOAT_LIT   shift, and go to state 76
    TOK_CHAR_LIT    shift, and go to state 77
    TOK_STRING_LIT  shift, and go to state 78
    TOK_PLUS        shift, and go to state 79
    TOK_MINUS       shift, and go to state 80
    TOK_NOT         shift, and go to state 81
    TOK_BITNOT      shift, and go to state 82
    TOK_INC         shift, and go to state 83
    TOK_DEC         shift, and go to state 84
    TOK_AMP         shift, and go to state 85
    TOK_STAR        shift, and go to state 86
    TOK_LPAREN      shift, and go to state 87

    primary_expression  go to state 89
    constant            go to state 90
    string              go to state 91
    postfix_expression  go to state 92
    unary_expression    go to state 148
    unary_operator      go to state 94
    cast_expression     go to state 297


State 241

   16 postfix_expression: postfix_expression TOK_ARROW TOK_IDENTIFIER •

    $default  reduce using rule 16 (postfix_expression)


State 242

   13 postfix_expression: postfix_expression TOK_LPAREN TOK_RPAREN •

    $default  reduce using rule 13 (postfix_expression)


State 243

   14 postfix_expression: postfix_expression TOK_LPAREN argument_expression_list • TOK_RPAREN
   22 argument_expression_list: argument_expression_list • TOK_COMMA assignment_expression

    TOK_RPAREN  shift, and go to state 298
    TOK_COMMA   shift, and go to state 299


State 244

   21 argument_expression_list: assignment_expression •

    $default  reduce using rule 21 (argument_expression_list)


State 245

   12 postfix_expression: postfix_expression TOK_LBRACKET expression • TOK_RBRACKET
   76 expression: expression • TOK_COMMA assignment_expression

    TOK_RBRACKET  shift, and go to state 300
    TOK_COMMA     shift, and go to state 199


State 246

   15 postfix_expression: postfix_expression TOK_DOT TOK_IDENTIFIER •

    $default  reduce using rule 15 (postfix_expression)


State 247

   68 assignment_expression: unary_expression assignment_operator assignment_expression •

    $default  reduce using rule 68 (assignment_expression)


State 248

   38 multiplicative_expression: multiplicative_expression TOK_MULT cast_expression •

    $default  reduce using rule 38 (multiplicative_expression)


State 249

   39 multiplicative_expression: multiplicative_expression TOK_DIV cast_expression •

    $default  reduce using rule 39 (multiplicative_expression)


State 250

   40 multiplicative_expression: multiplicative_expression TOK_MOD cast_expression •

    $default  reduce using rule 40 (multiplicative_expression)


State 251

   38 multiplicative_expression: multiplicative_expression • TOK_MULT cast_expression
   39                          | multiplicative_expression • TOK_DIV cast_expression
   40                          | multiplicative_expression • TOK_MOD cast_expression
   42 additive_expression: additive_expression TOK_PLUS multiplicative_expression •

    TOK_MULT  shift, and go to state 179
    TOK_DIV   shift, and go to state 180
    TOK_MOD   shift, and go to state 181

    $default  reduce using rule 42 (additive_expression)


State 252

   38 multiplicative_expression: multiplicative_expression • TOK_MULT cast_expression
   39                          | multiplicative_expression • TOK_DIV cast_expression
   40                          | multiplicative_expression • TOK_MOD cast_expression
   43 additive_expression: additive_expression TOK_MINUS multiplicative_expression •

    TOK_MULT  shift, and go to state 179
    TOK_DIV   shift, and go to state 180
    TOK_MOD   shift, and go to state 181

    $default  reduce using rule 43 (additive_expression)


State 253

   42 additive_expression: additive_expression • TOK_PLUS multiplicative_expression
   43                    | additive_expression • TOK_MINUS multiplicative_expression
   45 shift_expression: shift_expression TOK_LSHIFT additive_expression •

    TOK_PLUS   shift, and go to state 182
    TOK_MINUS  shift, and go to state 183

    $default  reduce using rule 45 (shift_expression)


State 254

   42 additive_expression: additive_expression • TOK_PLUS multiplicative_expression
   43                    | additive_expression • TOK_MINUS multiplicative_expression
   46 shift_expression: shift_expression TOK_RSHIFT additive_expression •

    TOK_PLUS   shift, and go to state 182
    TOK_MINUS  shift, and go to state 183

    $default  reduce using rule 46 (shift_expression)


State 255

   45 shift_expression: shift_expression • TOK_LSHIFT additive_expression
   46                 | shift_expression • TOK_RSHIFT additive_expression
   48 relational_expression: relational_expression TOK_LT shift_expression •

    TOK_LSHIFT  shift, and go to state 184
    TOK_RSHIFT  shift, and go to state 185

    $default  reduce using rule 48 (relational_expression)


State 256

   45 shift_expression: shift_expression • TOK_LSHIFT additive_expression
   46                 | shift_expression • TOK_RSHIFT additive_expression
   50 relational_expression: relational_expression TOK_LE shift_expression •

    TOK_LSHIFT  shift, and go to state 184
    TOK_RSHIFT  shift, and go to state 185

    $default  reduce using rule 50 (relational_expression)


State 257

   45 shift_expression: shift_expression • TOK_LSHIFT additive_expression
   46                 | shift_expression • TOK_RSHIFT additive_expression
   49 relational_expression: relational_expression TOK_GT shift_expression •

    TOK_LSHIFT  shift, and go to state 184
    TOK_RSHIFT  shift, and go to state 185

    $default  reduce using rule 49 (relational_expression)


State 258

   45 shift_expression: shift_expression • TOK_LSHIFT additive_expression
   46                 | shift_expression • TOK_RSHIFT additive_expression
   51 relational_expression: relational_expression TOK_GE shift_expression •

    TOK_LSHIFT  shift, and go to state 184
    TOK_RSHIFT  shift, and go to state 185

    $default  reduce using rule 51 (relational_expression)


State 259

   45 shift_expression: shift_expression • TOK_LSHIFT additive_expression
   46                 | shift_expression • TOK_RSHIFT additive_expression
   52 relational_expression: relational_expression TOK_SPACESHIP shift_expression •

    TOK_LSHIFT  shift, and go to state 184
    TOK_RSHIFT  shift, and go to state 185

    $default  reduce using rule 52 (relational_expression)


State 260

   48 relational_expression: relational_expression • TOK_LT shift_expression
   49                      | relational_expression • TOK_GT shift_expression
   50                      | relational_expression • TOK_LE shift_expression
   51                      | relational_expression • TOK_GE shift_expression
   52                      | relational_expression • TOK_SPACESHIP shift_expression
   54 equality_expression: equality_expression TOK_EQ relational_expression •

    TOK_LT         shift, and go to state 186
    TOK_LE         shift, and go to state 187
    TOK_GT         shift, and go to state 188
    TOK_GE         shift, and go to state 189
    TOK_SPACESHIP  shift, and go to state 190

    $default  reduce using rule 54 (equality_expression)


State 261

   48 relational_expression: relational_expression • TOK_LT shift_expression
   49                      | relational_expression • TOK_GT shift_expression
   50                      | relational_expression • TOK_LE shift_expression
   51                      | relational_expression • TOK_GE shift_expression
   52                      | relational_expression • TOK_SPACESHIP shift_expression
   55 equality_expression: equality_expression TOK_NE relational_expression •

    TOK_LT         shift, and go to state 186
    TOK_LE         shift, and go to state 187
    TOK_GT         shift, and go to state 188
    TOK_GE         shift, and go to state 189
    TOK_SPACESHIP  shift, and go to state 190

    $default  reduce using rule 55 (equality_expression)


State 262

   54 equality_expression: equality_expression • TOK_EQ relational_expression
   55                    | equality_expression • TOK_NE relational_expression
   57 and_expression: and_expression TOK_AMP equality_expression •

    TOK_EQ  shift, and go to state 191
    TOK_NE  shift, and go to state 192

    $default  reduce using rule 57 (and_expression)


State 263

   57 and_expression: and_expression • TOK_AMP equality_expression
   59 exclusive_or_expression: exclusive_or_expression TOK_XOR and_expression •

    TOK_AMP  shift, and go to state 193

    $default  reduce using rule 59 (exclusive_or_expression)


State 264

   59 exclusive_or_expression: exclusive_or_expression • TOK_XOR and_expression
   61 inclusive_or_expression: inclusive_or_expression TOK_BITOR exclusive_or_expression •

    TOK_XOR  shift, and go to state 194

    $default  reduce using rule 61 (inclusive_or_expression)


State 265

   61 inclusive_or_expression: inclusive_or_expression • TOK_BITOR exclusive_or_expression
   63 logical_and_expression: logical_and_expression TOK_AND inclusive_or_expression •

    TOK_BITOR  shift, and go to state 195

    $default  reduce using rule 63 (logical_and_expression)


State 266

   63 logical_and_expression: logical_and_expression • TOK_AND inclusive_or_expression
   65 logical_or_expression: logical_or_expression TOK_OR logical_and_expression •

    TOK_AND  shift, and go to state 196

    $default  reduce using rule 65 (logical_or_expression)


State 267

   76 expression: expression TOK_COMMA assignment_expression •

    $default  reduce using rule 76 (expression)


State 268

  161 designator: TOK_LBRACKET constant_expression • TOK_RBRACKET

    TOK_RBRACKET  shift, and go to state 301


State 269

  162 designator: TOK_DOT TOK_IDENTIFIER •

    $default  reduce using rule 162 (designator)


State 270

  151 initializer: TOK_BEGIN initializer_list TOK_END •

    $default  reduce using rule 151 (initializer)


State 271

  152 initializer: TOK_BEGIN initializer_list TOK_COMMA • TOK_END
  156 initializer_list: initializer_list TOK_COMMA • designation initializer
  157                 | initializer_list TOK_COMMA • initializer

    TOK_SIZEOF      shift, and go to state 70
    TOK_BEGIN       shift, and go to state 119
    TOK_END         shift, and go to state 302
    TOK_TRUE        shift, and go to state 72
    TOK_FALSE       shift, and go to state 73
    TOK_IDENTIFIER  shift, and go to state 120
    TOK_INTEGER     shift, and go to state 75
    TOK_FLOAT_LIT   shift, and go to state 76
    TOK_CHAR_LIT    shift, and go to state 77
    TOK_STRING_LIT  shift, and go to state 78
    TOK_PLUS        shift, and go to state 79
    TOK_MINUS       shift, and go to state 80
    TOK_NOT         shift, and go to state 81
    TOK_BITNOT      shift, and go to state 82
    TOK_INC         shift, and go to state 83
    TOK_DEC         shift, and go to state 84
    TOK_AMP         shift, and go to state 85
    TOK_STAR        shift, and go to state 86
    TOK_LPAREN      shift, and go to state 87
    TOK_LBRACKET    shift, and go to state 202
    TOK_DOT         shift, and go to state 203

    primary_expression         go to state 89
    constant                   go to state 90
    string                     go to state 91
    postfix_expression         go to state 92
    unary_expression           go to state 93
    unary_operator             go to state 94
    cast_expression            go to state 95
    multiplicative_expression  go to state 96
    additive_expression        go to state 97
    shift_expression           go to state 98
    relational_expression      go to state 99
    equality_expression        go to state 100
    and_expression             go to state 101
    exclusive_or_expression    go to state 102
    inclusive_or_expression    go to state 103
    logical_and_expression     go to state 104
    logical_or_expression      go to state 105
    conditional_expression     go to state 106
    assignment_expression      go to state 121
    initializer                go to state 303
    designation                go to state 304
    designator_list            go to state 207
    designator                 go to state 208


State 272

  154 initializer_list: designation initializer •

    $default  reduce using rule 154 (initializer_list)


State 273

  158 designation: designator_list TOK_ASSIGN •

    $default  reduce using rule 158 (designation)


State 274

  160 designator_list: designator_list designator •

    $default  reduce using rule 160 (designator_list)


State 275

  147 direct_abstract_declarator: TOK_LPAREN TOK_RPAREN •

    $default  reduce using rule 147 (direct_abstract_declarator)


State 276

  148 direct_abstract_declarator: TOK_LPAREN parameter_type_list • TOK_RPAREN

    TOK_RPAREN  shift, and go to state 305


State 277

  142 direct_abstract_declarator: TOK_LPAREN abstract_declarator • TOK_RPAREN

    TOK_RPAREN  shift, and go to state 306


State 278

  143 direct_abstract_declarator: TOK_LBRACKET TOK_RBRACKET •

    $default  reduce using rule 143 (direct_abstract_declarator)


State 279

  144 direct_abstract_declarator: TOK_LBRACKET assignment_expression • TOK_RBRACKET

    TOK_RBRACKET  shift, and go to state 307


State 280

  139 abstract_declarator: pointer direct_abstract_declarator •
  145 direct_abstract_declarator: direct_abstract_declarator • TOK_LBRACKET TOK_RBRACKET
  146                           | direct_abstract_declarator • TOK_LBRACKET assignment_expression TOK_RBRACKET
  149                           | direct_abstract_declarator • TOK_LPAREN TOK_RPAREN
  150                           | direct_abstract_declarator • TOK_LPAREN parameter_type_list TOK_RPAREN

    TOK_LPAREN    shift, and go to state 281
    TOK_LBRACKET  shift, and go to state 282

    $default  reduce using rule 139 (abstract_declarator)


State 281

  149 direct_abstract_declarator: direct_abstract_declarator TOK_LPAREN • TOK_RPAREN
  150                           | direct_abstract_declarator TOK_LPAREN • parameter_type_list TOK_RPAREN

    TOK_INT       shift, and go to state 1
    TOK_SHORT     shift, and go to state 2
    TOK_FLOAT     shift, and go to state 3
    TOK_CHAR      shift, and go to state 4
    TOK_VOID      shift, and go to state 5
    TOK_BOOL      shift, and go to state 6
    TOK_BOOLEAN   shift, and go to state 7
    TOK_STRUCT    shift, and go to state 8
    TOK_INT8_T    shift, and go to state 9
    TOK_INT16_T   shift, and go to state 10
    TOK_INT32_T   shift, and go to state 11
    TOK_INT64_T   shift, and go to state 12
    TOK_SIGNED    shift, and go to state 13
    TOK_UNSIGNED  shift, and go to state 14
    TOK_EXTERN    shift, and go to state 15
    TOK_STATIC    shift, and go to state 16
    TOK_RPAREN    shift, and go to state 308

    declaration_specifiers   go to state 127
    storage_class_specifier  go to state 19
    type_specifier           go to state 20
    struct_specifier         go to state 21
    parameter_type_list      go to state 309
    parameter_list           go to state 129
    parameter_declaration    go to state 130


State 282

  145 direct_abstract_declarator: direct_abstract_declarator TOK_LBRACKET • TOK_RBRACKET
  146                           | direct_abstract_declarator TOK_LBRACKET • assignment_expression TOK_RBRACKET

    TOK_SIZEOF      shift, and go to state 70
    TOK_TRUE        shift, and go to state 72
    TOK_FALSE       shift, and go to state 73
    TOK_IDENTIFIER  shift, and go to state 120
    TOK_INTEGER     shift, and go to state 75
    TOK_FLOAT_LIT   shift, and go to state 76
    TOK_CHAR_LIT    shift, and go to state 77
    TOK_STRING_LIT  shift, and go to state 78
    TOK_PLUS        shift, and go to state 79
    TOK_MINUS       shift, and go to state 80
    TOK_NOT         shift, and go to state 81
    TOK_BITNOT      shift, and go to state 82
    TOK_INC         shift, and go to state 83
    TOK_DEC         shift, and go to state 84
    TOK_AMP         shift, and go to state 85
    TOK_STAR        shift, and go to state 86
    TOK_LPAREN      shift, and go to state 87
    TOK_RBRACKET    shift, and go to state 310

    primary_expression         go to state 89
    constant                   go to state 90
    string                     go to state 91
    postfix_expression         go to state 92
    unary_expression           go to state 93
    unary_operator             go to state 94
    cast_expression            go to state 95
    multiplicative_expression  go to state 96
    additive_expression        go to state 97
    shift_expression           go to state 98
    relational_expression      go to state 99
    equality_expression        go to state 100
    and_expression             go to state 101
    exclusive_or_expression    go to state 102
    inclusive_or_expression    go to state 103
    logical_and_expression     go to state 104
    logical_or_expression      go to state 105
    conditional_expression     go to state 106
    assignment_expression      go to state 311


State 283

  131 parameter_list: parameter_list TOK_COMMA parameter_declaration •

    $default  reduce using rule 131 (parameter_list)


State 284

  136 identifier_list: identifier_list TOK_COMMA TOK_IDENTIFIER •

    $default  reduce using rule 136 (identifier_list)


State 285

  113 struct_declarator_list: struct_declarator_list TOK_COMMA struct_declarator •

    $default  reduce using rule 113 (struct_declarator_list)


State 286

  115 struct_declarator: declarator TOK_COLON constant_expression •

    $default  reduce using rule 115 (struct_declarator)


State 287

  180 selection_statement: TOK_IF TOK_LPAREN expression TOK_RPAREN • statement TOK_ELSE statement
  181                    | TOK_IF TOK_LPAREN expression TOK_RPAREN • statement

    TOK_IF          shift, and go to state 60
    TOK_FOR         shift, and go to state 61
    TOK_WHILE       shift, and go to state 62
    TOK_REPEAT      shift, and go to state 63
    TOK_SWITCH      shift, and go to state 64
    TOK_CASE        shift, and go to state 65
    TOK_DEFAULT     shift, and go to state 66
    TOK_BREAK       shift, and go to state 67
    TOK_CONTINUE    shift, and go to state 68
    TOK_RETURN      shift, and go to state 69
    TOK_SIZEOF      shift, and go to state 70
    TOK_BEGIN       shift, and go to state 44
    TOK_TRUE        shift, and go to state 72
    TOK_FALSE       shift, and go to state 73
    TOK_IDENTIFIER  shift, and go to state 74
    TOK_INTEGER     shift, and go to state 75
    TOK_FLOAT_LIT   shift, and go to state 76
    TOK_CHAR_LIT    shift, and go to state 77
    TOK_STRING_LIT  shift, and go to state 78
    TOK_PLUS        shift, and go to state 79
    TOK_MINUS       shift, and go to state 80
    TOK_NOT         shift, and go to state 81
    TOK_BITNOT      shift, and go to state 82
    TOK_INC         shift, and go to state 83
    TOK_DEC         shift, and go to state 84
    TOK_AMP         shift, and go to state 85
    TOK_STAR        shift, and go to state 86
    TOK_LPAREN      shift, and go to state 87
    TOK_SEMICOLON   shift, and go to state 88

    primary_expression         go to state 89
    constant                   go to state 90
    string                     go to state 91
    postfix_expression         go to state 92
    unary_expression           go to state 93
    unary_operator             go to state 94
    cast_expression            go to state 95
    multiplicative_expression  go to state 96
    additive_expression        go to state 97
    shift_expression           go to state 98
    relational_expression      go to state 99
    equality_expression        go to state 100
    and_expression             go to state 101
    exclusive_or_expression    go to state 102
    inclusive_or_expression    go to state 103
    logical_and_expression     go to state 104
    logical_or_expression      go to state 105
    conditional_expression     go to state 106
    assignment_expression      go to state 107
    expression                 go to state 108
    statement                  go to state 312
    labeled_statement          go to state 111
    compound_statement         go to state 112
    expression_statement       go to state 115
    selection_statement        go to state 116
    iteration_statement        go to state 117
    jump_statement             go to state 118


State 288

  187 iteration_statement: TOK_FOR TOK_LPAREN declaration expression_statement • TOK_RPAREN statement
  188                    | TOK_FOR TOK_LPAREN declaration expression_statement • expression TOK_RPAREN statement

    TOK_SIZEOF      shift, and go to state 70
    TOK_TRUE        shift, and go to state 72
    TOK_FALSE       shift, and go to state 73
    TOK_IDENTIFIER  shift, and go to state 120
    TOK_INTEGER     shift, and go to state 75
    TOK_FLOAT_LIT   shift, and go to state 76
    TOK_CHAR_LIT    shift, and go to state 77
    TOK_STRING_LIT  shift, and go to state 78
    TOK_PLUS        shift, and go to state 79
    TOK_MINUS       shift, and go to state 80
    TOK_NOT         shift, and go to state 81
    TOK_BITNOT      shift, and go to state 82
    TOK_INC         shift, and go to state 83
    TOK_DEC         shift, and go to state 84
    TOK_AMP         shift, and go to state 85
    TOK_STAR        shift, and go to state 86
    TOK_LPAREN      shift, and go to state 87
    TOK_RPAREN      shift, and go to state 313

    primary_expression         go to state 89
    constant                   go to state 90
    string                     go to state 91
    postfix_expression         go to state 92
    unary_expression           go to state 93
    unary_operator             go to state 94
    cast_expression            go to state 95
    multiplicative_expression  go to state 96
    additive_expression        go to state 97
    shift_expression           go to state 98
    relational_expression      go to state 99
    equality_expression        go to state 100
    and_expression             go to state 101
    exclusive_or_expression    go to state 102
    inclusive_or_expression    go to state 103
    logical_and_expression     go to state 104
    logical_or_expression      go to state 105
    conditional_expression     go to state 106
    assignment_expression      go to state 107
    expression                 go to state 314


State 289

  185 iteration_statement: TOK_FOR TOK_LPAREN expression_statement expression_statement • TOK_RPAREN statement
  186                    | TOK_FOR TOK_LPAREN expression_statement expression_statement • expression TOK_RPAREN statement

    TOK_SIZEOF      shift, and go to state 70
    TOK_TRUE        shift, and go to state 72
    TOK_FALSE       shift, and go to state 73
    TOK_IDENTIFIER  shift, and go to state 120
    TOK_INTEGER     shift, and go to state 75
    TOK_FLOAT_LIT   shift, and go to state 76
    TOK_CHAR_LIT    shift, and go to state 77
    TOK_STRING_LIT  shift, and go to state 78
    TOK_PLUS        shift, and go to state 79
    TOK_MINUS       shift, and go to state 80
    TOK_NOT         shift, and go to state 81
    TOK_BITNOT      shift, and go to state 82
    TOK_INC         shift, and go to state 83
    TOK_DEC         shift, and go to state 84
    TOK_AMP         shift, and go to state 85
    TOK_STAR        shift, and go to state 86
    TOK_LPAREN      shift, and go to state 87
    TOK_RPAREN      shift, and go to state 315

    primary_expression         go to state 89
    constant                   go to state 90
    string                     go to state 91
    postfix_expression         go to state 92
    unary_expression           go to state 93
    unary_operator             go to state 94
    cast_expression            go to state 95
    multiplicative_expression  go to state 96
    additive_expression        go to state 97
    shift_expression           go to state 98
    relational_expression      go to state 99
    equality_expression        go to state 100
    and_expression             go to state 101
    exclusive_or_expression    go to state 102
    inclusive_or_expression    go to state 103
    logical_and_expression     go to state 104
    logical_or_expression      go to state 105
    conditional_expression     go to state 106
    assignment_expression      go to state 107
    expression                 go to state 316


State 290

  183 iteration_statement: TOK_WHILE TOK_LPAREN expression TOK_RPAREN • statement

    TOK_IF          shift, and go to state 60
    TOK_FOR         shift, and go to state 61
    TOK_WHILE       shift, and go to state 62
    TOK_REPEAT      shift, and go to state 63
    TOK_SWITCH      shift, and go to state 64
    TOK_CASE        shift, and go to state 65
    TOK_DEFAULT     shift, and go to state 66
    TOK_BREAK       shift, and go to state 67
    TOK_CONTINUE    shift, and go to state 68
    TOK_RETURN      shift, and go to state 69
    TOK_SIZEOF      shift, and go to state 70
    TOK_BEGIN       shift, and go to state 44
    TOK_TRUE        shift, and go to state 72
    TOK_FALSE       shift, and go to state 73
    TOK_IDENTIFIER  shift, and go to state 74
    TOK_INTEGER     shift, and go to state 75
    TOK_FLOAT_LIT   shift, and go to state 76
    TOK_CHAR_LIT    shift, and go to state 77
    TOK_STRING_LIT  shift, and go to state 78
    TOK_PLUS        shift, and go to state 79
    TOK_MINUS       shift, and go to state 80
    TOK_NOT         shift, and go to state 81
    TOK_BITNOT      shift, and go to state 82
    TOK_INC         shift, and go to state 83
    TOK_DEC         shift, and go to state 84
    TOK_AMP         shift, and go to state 85
    TOK_STAR        shift, and go to state 86
    TOK_LPAREN      shift, and go to state 87
    TOK_SEMICOLON   shift, and go to state 88

    primary_expression         go to state 89
    constant                   go to state 90
    string                     go to state 91
    postfix_expression         go to state 92
    unary_expression           go to state 93
    unary_operator             go to state 94
    cast_expression            go to state 95
    multiplicative_expression  go to state 96
    additive_expression        go to state 97
    shift_expression           go to state 98
    relational_expression      go to state 99
    equality_expression        go to state 100
    and_expression             go to state 101
    exclusive_or_expression    go to state 102
    inclusive_or_expression    go to state 103
    logical_and_expression     go to state 104
    logical_or_expression      go to state 105
    conditional_expression     go to state 106
    assignment_expression      go to state 107
    expression                 go to state 108
    statement                  go to state 317
    labeled_statement          go to state 111
    compound_statement         go to state 112
    expression_statement       go to state 115
    selection_statement        go to state 116
    iteration_statement        go to state 117
    jump_statement             go to state 118


State 291

  184 iteration_statement: TOK_REPEAT statement TOK_UNTIL TOK_LPAREN • expression TOK_RPAREN TOK_SEMICOLON

    TOK_SIZEOF      shift, and go to state 70
    TOK_TRUE        shift, and go to state 72
    TOK_FALSE       shift, and go to state 73
    TOK_IDENTIFIER  shift, and go to state 120
    TOK_INTEGER     shift, and go to state 75
    TOK_FLOAT_LIT   shift, and go to state 76
    TOK_CHAR_LIT    shift, and go to state 77
    TOK_STRING_LIT  shift, and go to state 78
    TOK_PLUS        shift, and go to state 79
    TOK_MINUS       shift, and go to state 80
    TOK_NOT         shift, and go to state 81
    TOK_BITNOT      shift, and go to state 82
    TOK_INC         shift, and go to state 83
    TOK_DEC         shift, and go to state 84
    TOK_AMP         shift, and go to state 85
    TOK_STAR        shift, and go to state 86
    TOK_LPAREN      shift, and go to state 87

    primary_expression         go to state 89
    constant                   go to state 90
    string                     go to state 91
    postfix_expression         go to state 92
    unary_expression           go to state 93
    unary_operator             go to state 94
    cast_expression            go to state 95
    multiplicative_expression  go to state 96
    additive_expression        go to state 97
    shift_expression           go to state 98
    relational_expression      go to state 99
    equality_expression        go to state 100
    and_expression             go to state 101
    exclusive_or_expression    go to state 102
    inclusive_or_expression    go to state 103
    logical_and_expression     go to state 104
    logical_or_expression      go to state 105
    conditional_expression     go to state 106
    assignment_expression      go to state 107
    expression                 go to state 318


State 292

  182 selection_statement: TOK_SWITCH TOK_LPAREN expression TOK_RPAREN • statement

    TOK_IF          shift, and go to state 60
    TOK_FOR         shift, and go to state 61
    TOK_WHILE       shift, and go to state 62
    TOK_REPEAT      shift, and go to state 63
    TOK_SWITCH      shift, and go to state 64
    TOK_CASE        shift, and go to state 65
    TOK_DEFAULT     shift, and go to state 66
    TOK_BREAK       shift, and go to state 67
    TOK_CONTINUE    shift, and go to state 68
    TOK_RETURN      shift, and go to state 69
    TOK_SIZEOF      shift, and go to state 70
    TOK_BEGIN       shift, and go to state 44
    TOK_TRUE        shift, and go to state 72
    TOK_FALSE       shift, and go to state 73
    TOK_IDENTIFIER  shift, and go to state 74
    TOK_INTEGER     shift, and go to state 75
    TOK_FLOAT_LIT   shift, and go to state 76
    TOK_CHAR_LIT    shift, and go to state 77
    TOK_STRING_LIT  shift, and go to state 78
    TOK_PLUS        shift, and go to state 79
    TOK_MINUS       shift, and go to state 80
    TOK_NOT         shift, and go to state 81
    TOK_BITNOT      shift, and go to state 82
    TOK_INC         shift, and go to state 83
    TOK_DEC         shift, and go to state 84
    TOK_AMP         shift, and go to state 85
    TOK_STAR        shift, and go to state 86
    TOK_LPAREN      shift, and go to state 87
    TOK_SEMICOLON   shift, and go to state 88

    primary_expression         go to state 89
    constant                   go to state 90
    string                     go to state 91
    postfix_expression         go to state 92
    unary_expression           go to state 93
    unary_operator             go to state 94
    cast_expression            go to state 95
    multiplicative_expression  go to state 96
    additive_expression        go to state 97
    shift_expression           go to state 98
    relational_expression      go to state 99
    equality_expression        go to state 100
    and_expression             go to state 101
    exclusive_or_expression    go to state 102
    inclusive_or_expression    go to state 103
    logical_and_expression     go to state 104
    logical_or_expression      go to state 105
    conditional_expression     go to state 106
    assignment_expression      go to state 107
    expression                 go to state 108
    statement                  go to state 319
    labeled_statement          go to state 111
    compound_statement         go to state 112
    expression_statement       go to state 115
    selection_statement        go to state 116
    iteration_statement        go to state 117
    jump_statement             go to state 118


State 293

  170 labeled_statement: TOK_CASE constant_expression TOK_COLON statement •

    $default  reduce using rule 170 (labeled_statement)


State 294

   19 postfix_expression: TOK_LPAREN type_name TOK_RPAREN • TOK_BEGIN initializer_list TOK_END
   20                   | TOK_LPAREN type_name TOK_RPAREN • TOK_BEGIN initializer_list TOK_COMMA TOK_END
   28 unary_expression: TOK_SIZEOF TOK_LPAREN type_name TOK_RPAREN •

    TOK_BEGIN  shift, and go to state 296

    $default  reduce using rule 28 (unary_expression)


State 295

   19 postfix_expression: TOK_LPAREN type_name TOK_RPAREN • TOK_BEGIN initializer_list TOK_END
   20                   | TOK_LPAREN type_name TOK_RPAREN • TOK_BEGIN initializer_list TOK_COMMA TOK_END

    TOK_BEGIN  shift, and go to state 296


State 296

   19 postfix_expression: TOK_LPAREN type_name TOK_RPAREN TOK_BEGIN • initializer_list TOK_END
   20                   | TOK_LPAREN type_name TOK_RPAREN TOK_BEGIN • initializer_list TOK_COMMA TOK_END

    TOK_SIZEOF      shift, and go to state 70
    TOK_BEGIN       shift, and go to state 119
    TOK_TRUE        shift, and go to state 72
    TOK_FALSE       shift, and go to state 73
    TOK_IDENTIFIER  shift, and go to state 120
    TOK_INTEGER     shift, and go to state 75
    TOK_FLOAT_LIT   shift, and go to state 76
    TOK_CHAR_LIT    shift, and go to state 77
    TOK_STRING_LIT  shift, and go to state 78
    TOK_PLUS        shift, and go to state 79
    TOK_MINUS       shift, and go to state 80
    TOK_NOT         shift, and go to state 81
    TOK_BITNOT      shift, and go to state 82
    TOK_INC         shift, and go to state 83
    TOK_DEC         shift, and go to state 84
    TOK_AMP         shift, and go to state 85
    TOK_STAR        shift, and go to state 86
    TOK_LPAREN      shift, and go to state 87
    TOK_LBRACKET    shift, and go to state 202
    TOK_DOT         shift, and go to state 203

    primary_expression         go to state 89
    constant                   go to state 90
    string                     go to state 91
    postfix_expression         go to state 92
    unary_expression           go to state 93
    unary_operator             go to state 94
    cast_expression            go to state 95
    multiplicative_expression  go to state 96
    additive_expression        go to state 97
    shift_expression           go to state 98
    relational_expression      go to state 99
    equality_expression        go to state 100
    and_expression             go to state 101
    exclusive_or_expression    go to state 102
    inclusive_or_expression    go to state 103
    logical_and_expression     go to state 104
    logical_or_expression      go to state 105
    conditional_expression     go to state 106
    assignment_expression      go to state 121
    initializer                go to state 204
    initializer_list           go to state 320
    designation                go to state 206
    designator_list            go to state 207
    designator                 go to state 208


State 297

   36 cast_expression: TOK_LPAREN type_name TOK_RPAREN cast_expression •

    $default  reduce using rule 36 (cast_expression)


State 298

   14 postfix_expression: postfix_expression TOK_LPAREN argument_expression_list TOK_RPAREN •

    $default  reduce using rule 14 (postfix_expression)


State 299

   22 argument_expression_list: argument_expression_list TOK_COMMA • assignment_expression

    TOK_SIZEOF      shift, and go to state 70
    TOK_TRUE        shift, and go to state 72
    TOK_FALSE       shift, and go to state 73
    TOK_IDENTIFIER  shift, and go to state 120
    TOK_INTEGER     shift, and go to state 75
    TOK_FLOAT_LIT   shift, and go to state 76
    TOK_CHAR_LIT    shift, and go to state 77
    TOK_STRING_LIT  shift, and go to state 78
    TOK_PLUS        shift, and go to state 79
    TOK_MINUS       shift, and go to state 80
    TOK_NOT         shift, and go to state 81
    TOK_BITNOT      shift, and go to state 82
    TOK_INC         shift, and go to state 83
    TOK_DEC         shift, and go to state 84
    TOK_AMP         shift, and go to state 85
    TOK_STAR        shift, and go to state 86
    TOK_LPAREN      shift, and go to state 87

    primary_expression         go to state 89
    constant                   go to state 90
    string                     go to state 91
    postfix_expression         go to state 92
    unary_expression           go to state 93
    unary_operator             go to state 94
    cast_expression            go to state 95
    multiplicative_expression  go to state 96
    additive_expression        go to state 97
    shift_expression           go to state 98
    relational_expression      go to state 99
    equality_expression        go to state 100
    and_expression             go to state 101
    exclusive_or_expression    go to state 102
    inclusive_or_expression    go to state 103
    logical_and_expression     go to state 104
    logical_or_expression      go to state 105
    conditional_expression     go to state 106
    assignment_expression      go to state 321


State 300

   12 postfix_expression: postfix_expression TOK_LBRACKET expression TOK_RBRACKET •

    $default  reduce using rule 12 (postfix_expression)


State 301

  161 designator: TOK_LBRACKET constant_expression TOK_RBRACKET •

    $default  reduce using rule 161 (designator)


State 302

  152 initializer: TOK_BEGIN initializer_list TOK_COMMA TOK_END •

    $default  reduce using rule 152 (initializer)


State 303

  157 initializer_list: initializer_list TOK_COMMA initializer •

    $default  reduce using rule 157 (initializer_list)


State 304

  156 initializer_list: initializer_list TOK_COMMA designation • initializer

    TOK_SIZEOF      shift, and go to state 70
    TOK_BEGIN       shift, and go to state 119
    TOK_TRUE        shift, and go to state 72
    TOK_FALSE       shift, and go to state 73
    TOK_IDENTIFIER  shift, and go to state 120
    TOK_INTEGER     shift, and go to state 75
    TOK_FLOAT_LIT   shift, and go to state 76
    TOK_CHAR_LIT    shift, and go to state 77
    TOK_STRING_LIT  shift, and go to state 78
    TOK_PLUS        shift, and go to state 79
    TOK_MINUS       shift, and go to state 80
    TOK_NOT         shift, and go to state 81
    TOK_BITNOT      shift, and go to state 82
    TOK_INC         shift, and go to state 83
    TOK_DEC         shift, and go to state 84
    TOK_AMP         shift, and go to state 85
    TOK_STAR        shift, and go to state 86
    TOK_LPAREN      shift, and go to state 87

    primary_expression         go to state 89
    constant                   go to state 90
    string                     go to state 91
    postfix_expression         go to state 92
    unary_expression           go to state 93
    unary_operator             go to state 94
    cast_expression            go to state 95
    multiplicative_expression  go to state 96
    additive_expression        go to state 97
    shift_expression           go to state 98
    relational_expression      go to state 99
    equality_expression        go to state 100
    and_expression             go to state 101
    exclusive_or_expression    go to state 102
    inclusive_or_expression    go to state 103
    logical_and_expression     go to state 104
    logical_or_expression      go to state 105
    conditional_expression     go to state 106
    assignment_expression      go to state 121
    initializer                go to state 322


State 305

  148 direct_abstract_declarator: TOK_LPAREN parameter_type_list TOK_RPAREN •

    $default  reduce using rule 148 (direct_abstract_declarator)


State 306

  142 direct_abstract_declarator: TOK_LPAREN abstract_declarator TOK_RPAREN •

    $default  reduce using rule 142 (direct_abstract_declarator)


State 307

  144 direct_abstract_declarator: TOK_LBRACKET assignment_expression TOK_RBRACKET •

    $default  reduce using rule 144 (direct_abstract_declarator)


State 308

  149 direct_abstract_declarator: direct_abstract_declarator TOK_LPAREN TOK_RPAREN •

    $default  reduce using rule 149 (direct_abstract_declarator)


State 309

  150 direct_abstract_declarator: direct_abstract_declarator TOK_LPAREN parameter_type_list • TOK_RPAREN

    TOK_RPAREN  shift, and go to state 323


State 310

  145 direct_abstract_declarator: direct_abstract_declarator TOK_LBRACKET TOK_RBRACKET •

    $default  reduce using rule 145 (direct_abstract_declarator)


State 311

  146 direct_abstract_declarator: direct_abstract_declarator TOK_LBRACKET assignment_expression • TOK_RBRACKET

    TOK_RBRACKET  shift, and go to state 324


State 312

  180 selection_statement: TOK_IF TOK_LPAREN expression TOK_RPAREN statement • TOK_ELSE statement
  181                    | TOK_IF TOK_LPAREN expression TOK_RPAREN statement •

    TOK_ELSE  shift, and go to state 325

    TOK_ELSE  [reduce using rule 181 (selection_statement)]
    $default  reduce using rule 181 (selection_statement)


State 313

  187 iteration_statement: TOK_FOR TOK_LPAREN declaration expression_statement TOK_RPAREN • statement

    TOK_IF          shift, and go to state 60
    TOK_FOR         shift, and go to state 61
    TOK_WHILE       shift, and go to state 62
    TOK_REPEAT      shift, and go to state 63
    TOK_SWITCH      shift, and go to state 64
    TOK_CASE        shift, and go to state 65
    TOK_DEFAULT     shift, and go to state 66
    TOK_BREAK       shift, and go to state 67
    TOK_CONTINUE    shift, and go to state 68
    TOK_RETURN      shift, and go to state 69
    TOK_SIZEOF      shift, and go to state 70
    TOK_BEGIN       shift, and go to state 44
    TOK_TRUE        shift, and go to state 72
    TOK_FALSE       shift, and go to state 73
    TOK_IDENTIFIER  shift, and go to state 74
    TOK_INTEGER     shift, and go to state 75
    TOK_FLOAT_LIT   shift, and go to state 76
    TOK_CHAR_LIT    shift, and go to state 77
    TOK_STRING_LIT  shift, and go to state 78
    TOK_PLUS        shift, and go to state 79
    TOK_MINUS       shift, and go to state 80
    TOK_NOT         shift, and go to state 81
    TOK_BITNOT      shift, and go to state 82
    TOK_INC         shift, and go to state 83
    TOK_DEC         shift, and go to state 84
    TOK_AMP         shift, and go to state 85
    TOK_STAR        shift, and go to state 86
    TOK_LPAREN      shift, and go to state 87
    TOK_SEMICOLON   shift, and go to state 88

    primary_expression         go to state 89
    constant                   go to state 90
    string                     go to state 91
    postfix_expression         go to state 92
    unary_expression           go to state 93
    unary_operator             go to state 94
    cast_expression            go to state 95
    multiplicative_expression  go to state 96
    additive_expression        go to state 97
    shift_expression           go to state 98
    relational_expression      go to state 99
    equality_expression        go to state 100
    and_expression             go to state 101
    exclusive_or_expression    go to state 102
    inclusive_or_expression    go to state 103
    logical_and_expression     go to state 104
    logical_or_expression      go to state 105
    conditional_expression     go to state 106
    assignment_expression      go to state 107
    expression                 go to state 108
    statement                  go to state 326
    labeled_statement          go to state 111
    compound_statement         go to state 112
    expression_statement       go to state 115
    selection_statement        go to state 116
    iteration_statement        go to state 117
    jump_statement             go to state 118


State 314

   76 expression: expression • TOK_COMMA assignment_expression
  188 iteration_statement: TOK_FOR TOK_LPAREN declaration expression_statement expression • TOK_RPAREN statement

    TOK_RPAREN  shift, and go to state 327
    TOK_COMMA   shift, and go to state 199


State 315

  185 iteration_statement: TOK_FOR TOK_LPAREN expression_statement expression_statement TOK_RPAREN • statement

    TOK_IF          shift, and go to state 60
    TOK_FOR         shift, and go to state 61
    TOK_WHILE       shift, and go to state 62
    TOK_REPEAT      shift, and go to state 63
    TOK_SWITCH      shift, and go to state 64
    TOK_CASE        shift, and go to state 65
    TOK_DEFAULT     shift, and go to state 66
    TOK_BREAK       shift, and go to state 67
    TOK_CONTINUE    shift, and go to state 68
    TOK_RETURN      shift, and go to state 69
    TOK_SIZEOF      shift, and go to state 70
    TOK_BEGIN       shift, and go to state 44
    TOK_TRUE        shift, and go to state 72
    TOK_FALSE       shift, and go to state 73
    TOK_IDENTIFIER  shift, and go to state 74
    TOK_INTEGER     shift, and go to state 75
    TOK_FLOAT_LIT   shift, and go to state 76
    TOK_CHAR_LIT    shift, and go to state 77
    TOK_STRING_LIT  shift, and go to state 78
    TOK_PLUS        shift, and go to state 79
    TOK_MINUS       shift, and go to state 80
    TOK_NOT         shift, and go to state 81
    TOK_BITNOT      shift, and go to state 82
    TOK_INC         shift, and go to state 83
    TOK_DEC         shift, and go to state 84
    TOK_AMP         shift, and go to state 85
    TOK_STAR        shift, and go to state 86
    TOK_LPAREN      shift, and go to state 87
    TOK_SEMICOLON   shift, and go to state 88

    primary_expression         go to state 89
    constant                   go to state 90
    string                     go to state 91
    postfix_expression         go to state 92
    unary_expression           go to state 93
    unary_operator             go to state 94
    cast_expression            go to state 95
    multiplicative_expression  go to state 96
    additive_expression        go to state 97
    shift_expression           go to state 98
    relational_expression      go to state 99
    equality_expression        go to state 100
    and_expression             go to state 101
    exclusive_or_expression    go to state 102
    inclusive_or_expression    go to state 103
    logical_and_expression     go to state 104
    logical_or_expression      go to state 105
    conditional_expression     go to state 106
    assignment_expression      go to state 107
    expression                 go to state 108
    statement                  go to state 328
    labeled_statement          go to state 111
    compound_statement         go to state 112
    expression_statement       go to state 115
    selection_statement        go to state 116
    iteration_statement        go to state 117
    jump_statement             go to state 118


State 316

   76 expression: expression • TOK_COMMA assignment_expression
  186 iteration_statement: TOK_FOR TOK_LPAREN expression_statement expression_statement expression • TOK_RPAREN statement

    TOK_RPAREN  shift, and go to state 329
    TOK_COMMA   shift, and go to state 199


State 317

  183 iteration_statement: TOK_WHILE TOK_LPAREN expression TOK_RPAREN statement •

    $default  reduce using rule 183 (iteration_statement)


State 318

   76 expression: expression • TOK_COMMA assignment_expression
  184 iteration_statement: TOK_REPEAT statement TOK_UNTIL TOK_LPAREN expression • TOK_RPAREN TOK_SEMICOLON

    TOK_RPAREN  shift, and go to state 330
    TOK_COMMA   shift, and go to state 199


State 319

  182 selection_statement: TOK_SWITCH TOK_LPAREN expression TOK_RPAREN statement •

    $default  reduce using rule 182 (selection_statement)


State 320

   19 postfix_expression: TOK_LPAREN type_name TOK_RPAREN TOK_BEGIN initializer_list • TOK_END
   20                   | TOK_LPAREN type_name TOK_RPAREN TOK_BEGIN initializer_list • TOK_COMMA TOK_END
  156 initializer_list: initializer_list • TOK_COMMA designation initializer
  157                 | initializer_list • TOK_COMMA initializer

    TOK_END    shift, and go to state 331
    TOK_COMMA  shift, and go to state 332


State 321

   22 argument_expression_list: argument_expression_list TOK_COMMA assignment_expression •

    $default  reduce using rule 22 (argument_expression_list)


State 322

  156 initializer_list: initializer_list TOK_COMMA designation initializer •

    $default  reduce using rule 156 (initializer_list)


State 323

  150 direct_abstract_declarator: direct_abstract_declarator TOK_LPAREN parameter_type_list TOK_RPAREN •

    $default  reduce using rule 150 (direct_abstract_declarator)


State 324

  146 direct_abstract_declarator: direct_abstract_declarator TOK_LBRACKET assignment_expression TOK_RBRACKET •

    $default  reduce using rule 146 (direct_abstract_declarator)


State 325

  180 selection_statement: TOK_IF TOK_LPAREN expression TOK_RPAREN statement TOK_ELSE • statement

    TOK_IF          shift, and go to state 60
    TOK_FOR         shift, and go to state 61
    TOK_WHILE       shift, and go to state 62
    TOK_REPEAT      shift, and go to state 63
    TOK_SWITCH      shift, and go to state 64
    TOK_CASE        shift, and go to state 65
    TOK_DEFAULT     shift, and go to state 66
    TOK_BREAK       shift, and go to state 67
    TOK_CONTINUE    shift, and go to state 68
    TOK_RETURN      shift, and go to state 69
    TOK_SIZEOF      shift, and go to state 70
    TOK_BEGIN       shift, and go to state 44
    TOK_TRUE        shift, and go to state 72
    TOK_FALSE       shift, and go to state 73
    TOK_IDENTIFIER  shift, and go to state 74
    TOK_INTEGER     shift, and go to state 75
    TOK_FLOAT_LIT   shift, and go to state 76
    TOK_CHAR_LIT    shift, and go to state 77
    TOK_STRING_LIT  shift, and go to state 78
    TOK_PLUS        shift, and go to state 79
    TOK_MINUS       shift, and go to state 80
    TOK_NOT         shift, and go to state 81
    TOK_BITNOT      shift, and go to state 82
    TOK_INC         shift, and go to state 83
    TOK_DEC         shift, and go to state 84
    TOK_AMP         shift, and go to state 85
    TOK_STAR        shift, and go to state 86
    TOK_LPAREN      shift, and go to state 87
    TOK_SEMICOLON   shift, and go to state 88

    primary_expression         go to state 89
    constant                   go to state 90
    string                     go to state 91
    postfix_expression         go to state 92
    unary_expression           go to state 93
    unary_operator             go to state 94
    cast_expression            go to state 95
    multiplicative_expression  go to state 96
    additive_expression        go to state 97
    shift_expression           go to state 98
    relational_expression      go to state 99
    equality_expression        go to state 100
    and_expression             go to state 101
    exclusive_or_expression    go to state 102
    inclusive_or_expression    go to state 103
    logical_and_expression     go to state 104
    logical_or_expression      go to state 105
    conditional_expression     go to state 106
    assignment_expression      go to state 107
    expression                 go to state 108
    statement                  go to state 333
    labeled_statement          go to state 111
    compound_statement         go to state 112
    expression_statement       go to state 115
    selection_statement        go to state 116
    iteration_statement        go to state 117
    jump_statement             go to state 118


State 326

  187 iteration_statement: TOK_FOR TOK_LPAREN declaration expression_statement TOK_RPAREN statement •

    $default  reduce using rule 187 (iteration_statement)


State 327

  188 iteration_statement: TOK_FOR TOK_LPAREN declaration expression_statement expression TOK_RPAREN • statement

    TOK_IF          shift, and go to state 60
    TOK_FOR         shift, and go to state 61
    TOK_WHILE       shift, and go to state 62
    TOK_REPEAT      shift, and go to state 63
    TOK_SWITCH      shift, and go to state 64
    TOK_CASE        shift, and go to state 65
    TOK_DEFAULT     shift, and go to state 66
    TOK_BREAK       shift, and go to state 67
    TOK_CONTINUE    shift, and go to state 68
    TOK_RETURN      shift, and go to state 69
    TOK_SIZEOF      shift, and go to state 70
    TOK_BEGIN       shift, and go to state 44
    TOK_TRUE        shift, and go to state 72
    TOK_FALSE       shift, and go to state 73
    TOK_IDENTIFIER  shift, and go to state 74
    TOK_INTEGER     shift, and go to state 75
    TOK_FLOAT_LIT   shift, and go to state 76
    TOK_CHAR_LIT    shift, and go to state 77
    TOK_STRING_LIT  shift, and go to state 78
    TOK_PLUS        shift, and go to state 79
    TOK_MINUS       shift, and go to state 80
    TOK_NOT         shift, and go to state 81
    TOK_BITNOT      shift, and go to state 82
    TOK_INC         shift, and go to state 83
    TOK_DEC         shift, and go to state 84
    TOK_AMP         shift, and go to state 85
    TOK_STAR        shift, and go to state 86
    TOK_LPAREN      shift, and go to state 87
    TOK_SEMICOLON   shift, and go to state 88

    primary_expression         go to state 89
    constant                   go to state 90
    string                     go to state 91
    postfix_expression         go to state 92
    unary_expression           go to state 93
    unary_operator             go to state 94
    cast_expression            go to state 95
    multiplicative_expression  go to state 96
    additive_expression        go to state 97
    shift_expression           go to state 98
    relational_expression      go to state 99
    equality_expression        go to state 100
    and_expression             go to state 101
    exclusive_or_expression    go to state 102
    inclusive_or_expression    go to state 103
    logical_and_expression     go to state 104
    logical_or_expression      go to state 105
    conditional_expression     go to state 106
    assignment_expression      go to state 107
    expression                 go to state 108
    statement                  go to state 334
    labeled_statement          go to state 111
    compound_statement         go to state 112
    expression_statement       go to state 115
    selection_statement        go to state 116
    iteration_statement        go to state 117
    jump_statement             go to state 118


State 328

  185 iteration_statement: TOK_FOR TOK_LPAREN expression_statement expression_statement TOK_RPAREN statement •

    $default  reduce using rule 185 (iteration_statement)


State 329

  186 iteration_statement: TOK_FOR TOK_LPAREN expression_statement expression_statement expression TOK_RPAREN • statement

    TOK_IF          shift, and go to state 60
    TOK_FOR         shift, and go to state 61
    TOK_WHILE       shift, and go to state 62
    TOK_REPEAT      shift, and go to state 63
    TOK_SWITCH      shift, and go to state 64
    TOK_CASE        shift, and go to state 65
    TOK_DEFAULT     shift, and go to state 66
    TOK_BREAK       shift, and go to state 67
    TOK_CONTINUE    shift, and go to state 68
    TOK_RETURN      shift, and go to state 69
    TOK_SIZEOF      shift, and go to state 70
    TOK_BEGIN       shift, and go to state 44
    TOK_TRUE        shift, and go to state 72
    TOK_FALSE       shift, and go to state 73
    TOK_IDENTIFIER  shift, and go to state 74
    TOK_INTEGER     shift, and go to state 75
    TOK_FLOAT_LIT   shift, and go to state 76
    TOK_CHAR_LIT    shift, and go to state 77
    TOK_STRING_LIT  shift, and go to state 78
    TOK_PLUS        shift, and go to state 79
    TOK_MINUS       shift, and go to state 80
    TOK_NOT         shift, and go to state 81
    TOK_BITNOT      shift, and go to state 82
    TOK_INC         shift, and go to state 83
    TOK_DEC         shift, and go to state 84
    TOK_AMP         shift, and go to state 85
    TOK_STAR        shift, and go to state 86
    TOK_LPAREN      shift, and go to state 87
    TOK_SEMICOLON   shift, and go to state 88

    primary_expression         go to state 89
    constant                   go to state 90
    string                     go to state 91
    postfix_expression         go to state 92
    unary_expression           go to state 93
    unary_operator             go to state 94
    cast_expression            go to state 95
    multiplicative_expression  go to state 96
    additive_expression        go to state 97
    shift_expression           go to state 98
    relational_expression      go to state 99
    equality_expression        go to state 100
    and_expression             go to state 101
    exclusive_or_expression    go to state 102
    inclusive_or_expression    go to state 103
    logical_and_expression     go to state 104
    logical_or_expression      go to state 105
    conditional_expression     go to state 106
    assignment_expression      go to state 107
    expression                 go to state 108
    statement                  go to state 335
    labeled_statement          go to state 111
    compound_statement         go to state 112
    expression_statement       go to state 115
    selection_statement        go to state 116
    iteration_statement        go to state 117
    jump_statement             go to state 118


State 330

  184 iteration_statement: TOK_REPEAT statement TOK_UNTIL TOK_LPAREN expression TOK_RPAREN • TOK_SEMICOLON

    TOK_SEMICOLON  shift, and go to state 336


State 331

   19 postfix_expression: TOK_LPAREN type_name TOK_RPAREN TOK_BEGIN initializer_list TOK_END •

    $default  reduce using rule 19 (postfix_expression)


State 332

   20 postfix_expression: TOK_LPAREN type_name TOK_RPAREN TOK_BEGIN initializer_list TOK_COMMA • TOK_END
  156 initializer_list: initializer_list TOK_COMMA • designation initializer
  157                 | initializer_list TOK_COMMA • initializer

    TOK_SIZEOF      shift, and go to state 70
    TOK_BEGIN       shift, and go to state 119
    TOK_END         shift, and go to state 337
    TOK_TRUE        shift, and go to state 72
    TOK_FALSE       shift, and go to state 73
    TOK_IDENTIFIER  shift, and go to state 120
    TOK_INTEGER     shift, and go to state 75
    TOK_FLOAT_LIT   shift, and go to state 76
    TOK_CHAR_LIT    shift, and go to state 77
    TOK_STRING_LIT  shift, and go to state 78
    TOK_PLUS        shift, and go to state 79
    TOK_MINUS       shift, and go to state 80
    TOK_NOT         shift, and go to state 81
    TOK_BITNOT      shift, and go to state 82
    TOK_INC         shift, and go to state 83
    TOK_DEC         shift, and go to state 84
    TOK_AMP         shift, and go to state 85
    TOK_STAR        shift, and go to state 86
    TOK_LPAREN      shift, and go to state 87
    TOK_LBRACKET    shift, and go to state 202
    TOK_DOT         shift, and go to state 203

    primary_expression         go to state 89
    constant                   go to state 90
    string                     go to state 91
    postfix_expression         go to state 92
    unary_expression           go to state 93
    unary_operator             go to state 94
    cast_expression            go to state 95
    multiplicative_expression  go to state 96
    additive_expression        go to state 97
    shift_expression           go to state 98
    relational_expression      go to state 99
    equality_expression        go to state 100
    and_expression             go to state 101
    exclusive_or_expression    go to state 102
    inclusive_or_expression    go to state 103
    logical_and_expression     go to state 104
    logical_or_expression      go to state 105
    conditional_expression     go to state 106
    assignment_expression      go to state 121
    initializer                go to state 303
    designation                go to state 304
    designator_list            go to state 207
    designator                 go to state 208


State 333

  180 selection_statement: TOK_IF TOK_LPAREN expression TOK_RPAREN statement TOK_ELSE statement •

    $default  reduce using rule 180 (selection_statement)


State 334

  188 iteration_statement: TOK_FOR TOK_LPAREN declaration expression_statement expression TOK_RPAREN statement •

    $default  reduce using rule 188 (iteration_statement)


State 335

  186 iteration_statement: TOK_FOR TOK_LPAREN expression_statement expression_statement expression TOK_RPAREN statement •

    $default  reduce using rule 186 (iteration_statement)


State 336

  184 iteration_statement: TOK_REPEAT statement TOK_UNTIL TOK_LPAREN expression TOK_RPAREN TOK_SEMICOLON •

    $default  reduce using rule 184 (iteration_statement)


State 337

   20 postfix_expression: TOK_LPAREN type_name TOK_RPAREN TOK_BEGIN initializer_list TOK_COMMA TOK_END •

    $default  reduce using rule 20 (postfix_expression)
